﻿-- MySQL dump 10.13  Distrib 5.5.13, for Win64 (x86)
--
-- Host: localhost    Database: macompta
-- ------------------------------------------------------
-- Server version	5.5.13

/*!40101 SET @OLD_CHARACTER_SET_CLIENT=@@CHARACTER_SET_CLIENT */;
/*!40101 SET @OLD_CHARACTER_SET_RESULTS=@@CHARACTER_SET_RESULTS */;
/*!40101 SET @OLD_COLLATION_CONNECTION=@@COLLATION_CONNECTION */;
/*!40101 SET NAMES utf8 */;
/*!40103 SET @OLD_TIME_ZONE=@@TIME_ZONE */;
/*!40103 SET TIME_ZONE='+00:00' */;
/*!40014 SET @OLD_UNIQUE_CHECKS=@@UNIQUE_CHECKS, UNIQUE_CHECKS=0 */;
/*!40014 SET @OLD_FOREIGN_KEY_CHECKS=@@FOREIGN_KEY_CHECKS, FOREIGN_KEY_CHECKS=0 */;
/*!40101 SET @OLD_SQL_MODE=@@SQL_MODE, SQL_MODE='NO_AUTO_VALUE_ON_ZERO' */;
/*!40111 SET @OLD_SQL_NOTES=@@SQL_NOTES, SQL_NOTES=0 */;

--
-- Temporary table structure for view `charger_plan_comptable`
--


CREATE SCHEMA macompta IF NOT EXISTS;
USE macompta;

DROP TABLE IF EXISTS `charger_plan_comptable`;
/*!50001 DROP VIEW IF EXISTS `charger_plan_comptable`*/;
SET @saved_cs_client     = @@character_set_client;
SET character_set_client = utf8;
/*!50001 CREATE TABLE `charger_plan_comptable` (
  `id` int(4),
  `compte` varchar(155),
  `id_type_compte` int(11),
  `type` varchar(50),
  `afficher` tinyint(1)
) ENGINE=MyISAM */;
SET character_set_client = @saved_cs_client;

--
-- Temporary table structure for view `charger_solde_compte`
--

DROP TABLE IF EXISTS `charger_solde_compte`;
/*!50001 DROP VIEW IF EXISTS `charger_solde_compte`*/;
SET @saved_cs_client     = @@character_set_client;
SET character_set_client = utf8;
/*!50001 CREATE TABLE `charger_solde_compte` (
  `id_compte` int(4),
  `date` date,
  `solde` double
) ENGINE=MyISAM */;
SET character_set_client = @saved_cs_client;

--
-- Temporary table structure for view `charger_transaction`
--

DROP TABLE IF EXISTS `charger_transaction`;
/*!50001 DROP VIEW IF EXISTS `charger_transaction`*/;
SET @saved_cs_client     = @@character_set_client;
SET character_set_client = utf8;
/*!50001 CREATE TABLE `charger_transaction` (
  `id` int(11),
  `id_partenaire` int(11),
  `partenaire` varchar(150),
  `id_conciliation` int(11),
  `date` date,
  `description_transaction` varchar(250),
  `numero_cheque` varchar(150),
  `id_contenu_transaction` int(11),
  `id_compte` int(4),
  `compte` varchar(150),
  `id_projet` int(11),
  `projet` varchar(150),
  `description` varchar(250),
  `debit` double,
  `credit` double
) ENGINE=MyISAM */;
SET character_set_client = @saved_cs_client;

--
-- Table structure for table `classe_compte`
--

DROP TABLE IF EXISTS `classe_compte`;
/*!40101 SET @saved_cs_client     = @@character_set_client */;
/*!40101 SET character_set_client = utf8 */;
CREATE TABLE `classe_compte` (
  `numero_debut` int(4) NOT NULL,
  `numero_fin` int(4) NOT NULL,
  `nom` varchar(50) NOT NULL,
  PRIMARY KEY (`numero_debut`,`numero_fin`),
  UNIQUE KEY `nom_UNIQUE` (`nom`)
) ENGINE=InnoDB DEFAULT CHARSET=utf8;
/*!40101 SET character_set_client = @saved_cs_client */;

--
-- Dumping data for table `classe_compte`
--

LOCK TABLES `classe_compte` WRITE;
/*!40000 ALTER TABLE `classe_compte` DISABLE KEYS */;
INSERT INTO `classe_compte` VALUES (1000,1999,'Actif'),(3000,3999,'Avoir'),(5000,5999,'Dépense'),(2000,2999,'Passif'),(4000,4999,'Revenu');
/*!40000 ALTER TABLE `classe_compte` ENABLE KEYS */;
UNLOCK TABLES;

--
-- Table structure for table `compte`
--

DROP TABLE IF EXISTS `compte`;
/*!40101 SET @saved_cs_client     = @@character_set_client */;
/*!40101 SET character_set_client = utf8 */;
CREATE TABLE `compte` (
  `id` int(4) NOT NULL,
  `id_type_compte` int(11) NOT NULL DEFAULT '2',
  `nom` varchar(150) NOT NULL,
  `numero` varchar(150) DEFAULT NULL,
  `institution` varchar(150) DEFAULT NULL,
  `agence` varchar(150) DEFAULT NULL,
  `budget_quotidien` double DEFAULT NULL,
  `type_nombre_jours` int(11) DEFAULT NULL,
  `afficher` tinyint(1) NOT NULL DEFAULT '1',
  PRIMARY KEY (`id`),
  KEY `fk_compte_type_compte1` (`id_type_compte`),
  CONSTRAINT `fk_compte_type_compte1` FOREIGN KEY (`id_type_compte`) REFERENCES `type_compte` (`id`)
) ENGINE=InnoDB DEFAULT CHARSET=utf8;
/*!40101 SET character_set_client = @saved_cs_client */;

--
-- Dumping data for table `compte`
--

LOCK TABLES `compte` WRITE;
/*!40000 ALTER TABLE `compte` DISABLE KEYS */;
INSERT INTO `compte` VALUES (1000,1,'Gestion des comptes',NULL,NULL,NULL,0,0,1),(1010,2,'SGMB - Agence Moulay Youssef - Rabat',NULL,NULL,NULL,0,0,1),(1020,3,'Alimentation et articles rattachés',NULL,NULL,NULL,80,1,1),(1030,3,'Fonds propres',NULL,NULL,NULL,110,0,1),(1040,3,'Fonds disponibles',NULL,NULL,NULL,NULL,NULL,1),(1050,4,'Total des fonds mobilisés',NULL,NULL,NULL,0,0,1),(1099,5,'Total gestion des comptes',NULL,NULL,NULL,0,0,1),(2000,1,'Emprunts',NULL,NULL,NULL,0,0,1),(2010,2,'Mohamed Yassine ELAMRANI',NULL,NULL,NULL,0,0,1),(2020,2,'Hajja Amina HOUIR ALAMI',NULL,NULL,NULL,NULL,NULL,1),(2030,2,'Haj Abdelouahed HOUIR ALAMI',NULL,NULL,NULL,NULL,NULL,1),(2040,2,'Haj Mohamed Houir Alami','Soeur de Amina',NULL,NULL,0,0,1),(2050,2,'Hajja Laïla Houir Alami','Soeur de Amina',NULL,NULL,NULL,NULL,1),(2099,5,'Total emprunts',NULL,NULL,NULL,NULL,NULL,1),(3000,1,'Avoir initial',NULL,NULL,NULL,0,0,1),(3010,2,'Avoir initial',NULL,NULL,NULL,NULL,NULL,1),(3020,3,'Formation de l\'AVOIR INITIAL',NULL,NULL,NULL,0,0,1),(3030,3,'Réajustement du compte',NULL,NULL,NULL,NULL,NULL,1),(3040,4,'Total des réajustements',NULL,NULL,NULL,NULL,NULL,1),(3099,5,'Total avoir initial',NULL,NULL,NULL,NULL,NULL,1),(4000,1,'Sources de Revenus',NULL,NULL,NULL,0,0,1),(4010,2,'Caisse marocaine des retraites ( C M R )',NULL,NULL,NULL,NULL,NULL,1),(4020,2,'Caisse Nationale des Organismes de Prévoyance Sociale ( CNOPS )',NULL,NULL,NULL,NULL,NULL,1),(4030,2,'Houir Alami Amina',NULL,NULL,NULL,NULL,NULL,1),(4099,5,'Total des sources de Revenus',NULL,NULL,NULL,NULL,NULL,1),(5000,1,'Alimentation et articles rattachés',NULL,NULL,NULL,0,0,1),(5005,3,'Alimentation',NULL,NULL,NULL,NULL,NULL,1),(5010,3,'Marché du quartier Ibn Khaldoune',NULL,NULL,NULL,0,0,1),(5015,3,'Marché aux grains',NULL,NULL,NULL,0,0,1),(5020,3,'Frais de transport',NULL,NULL,NULL,NULL,NULL,1),(5030,3,'Journaux et écrits périodiques',NULL,NULL,NULL,NULL,NULL,1),(5038,4,'Total alimentation et articles rattachés',NULL,NULL,NULL,NULL,NULL,1),(5040,2,'Articles de nettoyage et d\'hygiène',NULL,NULL,NULL,NULL,NULL,1),(5049,5,'Total alimentation et articles rattachés',NULL,NULL,NULL,NULL,NULL,1),(5052,1,'Médecins',NULL,NULL,NULL,NULL,NULL,1),(5054,2,'Dr Abdellatif Karrakchou, Chirurgien Urologue',NULL,NULL,NULL,0,0,1),(5056,2,'Médecine interne',NULL,NULL,NULL,0,0,1),(5060,5,'Total médecins',NULL,NULL,NULL,NULL,NULL,1),(5062,1,'Médicaments',NULL,NULL,NULL,NULL,NULL,1),(5064,2,'Doliprane',NULL,NULL,NULL,NULL,NULL,1),(5066,2,'Doucia plus ( pomade )',NULL,NULL,NULL,NULL,NULL,1),(5068,2,'Finastéride  GT  5 mg',NULL,NULL,NULL,NULL,NULL,1),(5070,2,'Colchicine',NULL,NULL,NULL,NULL,NULL,1),(5072,2,'Madécassol, onguent à 1%',NULL,NULL,NULL,NULL,NULL,1),(5074,2,'Sophtal à 1%, collyre',NULL,NULL,NULL,NULL,NULL,1),(5078,5,'Médicaments',NULL,NULL,NULL,NULL,NULL,1),(5080,1,'Produits parapharmaceutques',NULL,NULL,NULL,NULL,NULL,1),(5082,2,'Viso prev Duo, complément alimentaire',NULL,NULL,NULL,NULL,NULL,1),(5084,2,'Pâte gingivale ARTHRODONT, Enoxolone  1%',NULL,NULL,NULL,NULL,NULL,1),(5096,5,'Total produits parapharmaceutiques',NULL,NULL,NULL,NULL,NULL,1),(5098,2,'Total médicaments et produits paramédicaux',NULL,NULL,NULL,NULL,NULL,1),(5099,5,'Total dépenses de santé',NULL,NULL,NULL,NULL,NULL,1),(5100,1,'Produits et services',NULL,NULL,NULL,0,0,1),(5102,2,'Rétribution du coiffeur pour homme',NULL,NULL,NULL,NULL,NULL,1),(5104,2,'Articles pour Télévision',NULL,NULL,NULL,0,0,1),(5106,2,'Exécution des formalités administratives',NULL,NULL,NULL,NULL,NULL,1),(5108,2,'Frais divers',NULL,NULL,NULL,NULL,NULL,1),(5112,3,'Aïd Al Adha',NULL,NULL,NULL,NULL,NULL,1),(5114,3,'Prix du mouton',NULL,NULL,NULL,NULL,NULL,1),(5118,3,'Frais de transport',NULL,NULL,NULL,NULL,NULL,1),(5120,3,'Frais engagés pour services rendus',NULL,NULL,NULL,NULL,NULL,1),(5122,3,'Aliment pour bétail',NULL,NULL,NULL,0,0,1),(5124,3,'Frais d\'abattage du mouton',NULL,NULL,NULL,0,0,1),(5130,4,'Total Aïd Al Adha',NULL,NULL,NULL,0,0,1),(5132,3,'Reproduction de documents',NULL,NULL,NULL,0,0,1),(5149,5,'Total produits et services',NULL,NULL,NULL,NULL,NULL,1),(5150,1,'Equipement et articles divers',NULL,NULL,NULL,NULL,NULL,1),(5155,3,'Articles divers d\'usage multiple',NULL,NULL,NULL,0,0,1),(5160,3,'Articles de cuisine',NULL,NULL,NULL,0,0,1),(5165,3,'Articles de plomberie',NULL,NULL,NULL,0,0,1),(5199,5,'Total équipement et articles divers',NULL,NULL,NULL,NULL,NULL,1),(5200,1,'Produits et articles de jardin',NULL,NULL,NULL,0,0,1),(5205,3,'Entretien du jardin','Harhoura',NULL,NULL,0,0,1),(5206,3,'Engrais solide','Harhoura',NULL,NULL,NULL,NULL,1),(5208,3,'Engrais liquide','Harhoura',NULL,NULL,NULL,NULL,1),(5210,3,'Insecticides','Harhoura',NULL,NULL,NULL,NULL,1),(5220,4,'Total entretien du jardin',NULL,NULL,NULL,NULL,NULL,1),(5225,3,'Equipement du jardin','Harhoura',NULL,NULL,NULL,NULL,1),(5226,3,'Gants de protection','Harhoura',NULL,NULL,NULL,NULL,1),(5248,4,'Total équipement du jardin',NULL,NULL,NULL,NULL,NULL,1),(5249,5,'Total produits et articles de jardin',NULL,NULL,NULL,NULL,NULL,1),(5250,1,'Entretien, Réparation et Maintenance',NULL,NULL,NULL,NULL,NULL,1),(5252,3,'Entretien',NULL,NULL,NULL,0,0,1),(5260,4,'Total entretien',NULL,NULL,NULL,NULL,NULL,1),(5264,3,'Réparation',NULL,NULL,NULL,NULL,NULL,1),(5266,3,'Articles de cuisine',NULL,NULL,NULL,0,0,1),(5268,3,'Villa Harhoura',NULL,NULL,NULL,0,0,1),(5270,3,'Articles pour TV',NULL,NULL,NULL,0,0,1),(5272,3,'Réfection des chaussures par le cordonnier',NULL,NULL,NULL,0,0,1),(5274,4,'Total réparation',NULL,NULL,NULL,NULL,NULL,1),(5276,3,'Maintenance',NULL,NULL,NULL,NULL,NULL,1),(5286,4,'Toatal maintenance',NULL,NULL,NULL,NULL,NULL,1),(5299,5,'Total Entretien, Réparation et Maintenance',NULL,NULL,NULL,NULL,NULL,1),(5300,1,'Habillement, chaussures et articles similaires',NULL,NULL,NULL,0,0,1),(5302,2,'Habillement',NULL,NULL,NULL,0,0,1),(5349,5,'Total habillement, chaussures et articles similaires',NULL,NULL,NULL,NULL,NULL,1),(5350,1,'Réglement des créances dûes',NULL,NULL,NULL,0,0,1),(5360,2,'Réglement loyer appatement à Rabat Hassan',NULL,NULL,NULL,NULL,NULL,1),(5365,2,'Itissalat Al Maghrib',NULL,NULL,NULL,NULL,NULL,1),(5370,3,'REDAL  Rabat Hay Ryad',NULL,NULL,NULL,0,0,1),(5380,3,'REDAL  HARHOURA',NULL,NULL,NULL,NULL,NULL,1),(5390,3,'REDAL  Rabat Hassan',NULL,NULL,NULL,NULL,NULL,1),(5395,4,'Total REDAL',NULL,NULL,NULL,NULL,NULL,1),(5399,5,'Total réglement des créances dûes',NULL,NULL,NULL,NULL,NULL,1),(5400,1,'Dons , Cadeaux, Souab attaazya, Souab azzyarates, Assadakate, Zakate Alfitr, Azzakate, Fissabili ALLAH',NULL,NULL,NULL,0,0,1),(5405,2,'Cadeaux à mon père et à son épouse',NULL,NULL,NULL,NULL,NULL,1),(5410,3,'Dons',NULL,NULL,NULL,NULL,NULL,1),(5415,3,'Cadeaux',NULL,NULL,NULL,NULL,NULL,1),(5420,3,'Souab Attaazya',NULL,NULL,NULL,NULL,NULL,1),(5425,3,'Souab azzyarates',NULL,NULL,NULL,NULL,NULL,1),(5430,3,'Assadakates',NULL,NULL,NULL,NULL,NULL,1),(5435,3,'Azzakate',NULL,NULL,NULL,NULL,NULL,1),(5440,2,'Zakate Alfitr',NULL,NULL,NULL,NULL,NULL,1),(5445,3,'Fissabili ALLAH',NULL,NULL,NULL,NULL,NULL,1),(5448,4,'Total Dons , Cadeaux, Souab attaazya, Souab azzyarates, Assadakate, Zakate Alfitr, Azzakate, Fissabili ALLAH',NULL,NULL,NULL,NULL,NULL,1),(5449,5,'Total Dons , Cadeaux, Souab attaazya, Souab azzyarates, Sadakate, Zakate Alfitr, Azzakate, Fissabili ALLAH',NULL,NULL,NULL,0,0,1),(5450,1,'Frais bancaires',NULL,NULL,NULL,NULL,NULL,1),(5455,2,'Taxe sur les transferts de fonds en provenace de l\'étranger',NULL,NULL,NULL,NULL,NULL,1),(5460,2,'Frais de tenue de compte',NULL,NULL,NULL,0,0,1),(5499,5,'Total frais bancaires',NULL,NULL,NULL,NULL,NULL,1),(5500,1,'Frais divers',NULL,NULL,NULL,NULL,NULL,1),(5502,2,'Frais payés pour l\'obtention de documents officiels',NULL,NULL,NULL,0,0,1),(5520,5,'Total frais payés pour l\'obtention de documents officiels',NULL,NULL,NULL,NULL,NULL,1),(5522,3,'Produits et services',NULL,NULL,NULL,NULL,NULL,1),(5524,2,'Frais de communications téléphoniques',NULL,NULL,NULL,NULL,NULL,1),(5526,3,'Frais de fonctionnement de la cheminée',NULL,NULL,NULL,NULL,NULL,1),(5528,3,'Achat de bois de cheminée',NULL,NULL,NULL,NULL,NULL,1),(5530,3,'Frais de déchargement du bois',NULL,NULL,NULL,NULL,NULL,1),(5532,3,'Achat de produits de nétoyage de la cheminée',NULL,NULL,NULL,NULL,NULL,1),(5534,3,'Bain maure',NULL,NULL,NULL,0,0,1),(5536,4,'Total frais de fonctionnement de la cheminée',NULL,NULL,NULL,NULL,NULL,1),(5538,3,'Frais de gardiennage et de propreté du quartier Harhoura',NULL,NULL,NULL,0,0,1),(5540,3,'Blanchisserie',NULL,NULL,NULL,0,0,1),(5548,4,'Total produits et services',NULL,NULL,NULL,NULL,NULL,1),(5549,5,'Total frais divers',NULL,NULL,NULL,NULL,NULL,1),(5550,1,'Charges des travaux de construction',NULL,NULL,NULL,NULL,NULL,1),(5552,2,'Acquisition du lot de terrain',NULL,NULL,NULL,0,0,1),(5554,2,'Elaboration et approbation du plan architecturale',NULL,NULL,NULL,0,0,1),(5556,2,'Démarches entreprises pour l\'obtention de l\'autorisation de construire',NULL,NULL,NULL,NULL,NULL,1),(5558,2,'Déblaiement du terrain et creusement du sous-sol',NULL,NULL,NULL,NULL,NULL,1),(5560,3,'Travaux des gros oeuvres',NULL,NULL,NULL,NULL,NULL,1),(5562,3,'Branchement au réseau public d\'assainissement',NULL,NULL,NULL,0,0,1),(5564,3,'Frais généraux',NULL,NULL,NULL,NULL,NULL,1),(5565,3,'Cabinet d\'Etudes et de Réaménagement du Territoire \' CANORET \'',NULL,NULL,NULL,NULL,NULL,1),(5568,3,'Baghdadi, ingénieur topographe',NULL,NULL,NULL,0,0,1),(5570,3,'Mohammed Hariri Architecte D.P.L.G',NULL,NULL,NULL,NULL,NULL,1),(5572,3,'Jilali Kaddouri, électricien',NULL,NULL,NULL,0,0,1),(5574,3,'Lahcen Bouarour, plombier',NULL,NULL,NULL,NULL,NULL,1),(5575,3,'Abderrahmane Ettaleb, Entrepreneur en BTP',NULL,NULL,NULL,NULL,NULL,1),(5576,3,'Redal Hay Ryad',NULL,NULL,NULL,0,0,1),(5578,3,'Mohamed  Zeddouk, ferronnier',NULL,NULL,NULL,0,0,1),(5580,3,'Lahcen El Moundden, Cheminée',NULL,NULL,NULL,0,0,1),(5594,3,'Frais de communications téléphoniques',NULL,NULL,NULL,0,0,1),(5596,3,'Frais de déplacement',NULL,NULL,NULL,0,0,1),(5598,4,'Total travaux des gros oeuvres',NULL,NULL,NULL,NULL,NULL,1),(5600,3,'Corps de métiers',NULL,NULL,NULL,NULL,NULL,1),(5605,3,'Carrelage et marbrerie',NULL,NULL,NULL,NULL,NULL,1),(5610,3,'Electricité générale',NULL,NULL,NULL,NULL,NULL,1),(5615,3,'Menuiserie',NULL,NULL,NULL,NULL,NULL,1),(5620,3,'Plomberie',NULL,NULL,NULL,NULL,NULL,1),(5625,3,'Ferronnerie',NULL,NULL,NULL,NULL,NULL,1),(5630,3,'Cheminée',NULL,NULL,NULL,NULL,NULL,1),(5635,3,'Menuiserie Aluminium',NULL,NULL,NULL,NULL,NULL,1),(5640,3,'Transport de marchadises',NULL,NULL,NULL,0,0,1),(5645,4,'Total corps de métiers',NULL,NULL,NULL,0,0,1),(5650,3,'Pourboires',NULL,NULL,NULL,NULL,NULL,1),(5655,3,'Pourboires sevis à l\'électricien et à ses ouvriers',NULL,NULL,NULL,NULL,NULL,1),(5660,3,'Pourboires servis au plombier et à ses ouvriers',NULL,NULL,NULL,NULL,NULL,1),(5665,3,'Pourboires servis aux ouvriers exerçant sur le chantier',NULL,NULL,NULL,NULL,NULL,1),(5670,3,'Pourboires servis à maître éxécutant des travaux de cheminés et à ses ouvriers',NULL,NULL,NULL,0,0,1),(5695,4,'Total pourboires',NULL,NULL,NULL,NULL,NULL,1),(5699,5,'Total charges des travaux de construction',NULL,NULL,NULL,NULL,NULL,1);
/*!40000 ALTER TABLE `compte` ENABLE KEYS */;
UNLOCK TABLES;

--
-- Table structure for table `conciliation`
--

DROP TABLE IF EXISTS `conciliation`;
/*!40101 SET @saved_cs_client     = @@character_set_client */;
/*!40101 SET character_set_client = utf8 */;
CREATE TABLE `conciliation` (
  `id` int(11) NOT NULL AUTO_INCREMENT,
  `date` datetime NOT NULL,
  `reference` varchar(50) DEFAULT NULL,
  PRIMARY KEY (`id`)
) ENGINE=InnoDB DEFAULT CHARSET=utf8;
/*!40101 SET character_set_client = @saved_cs_client */;

--
-- Dumping data for table `conciliation`
--

LOCK TABLES `conciliation` WRITE;
/*!40000 ALTER TABLE `conciliation` DISABLE KEYS */;
/*!40000 ALTER TABLE `conciliation` ENABLE KEYS */;
UNLOCK TABLES;

--
-- Table structure for table `configuration`
--

DROP TABLE IF EXISTS `configuration`;
/*!40101 SET @saved_cs_client     = @@character_set_client */;
/*!40101 SET character_set_client = utf8 */;
CREATE TABLE `configuration` (
  `id` int(11) NOT NULL AUTO_INCREMENT,
  `mot_passe` varchar(50) NOT NULL DEFAULT '',
  `nisab` double NOT NULL DEFAULT '0',
  `chemin_archive` varchar(250) DEFAULT NULL,
  `chemin_copie_archive` varchar(250) DEFAULT NULL,
  `maintenir_suppressions_transactions` tinyint(1) NOT NULL DEFAULT '0',
  `id_compte_zakat_due` int(4) DEFAULT NULL,
  PRIMARY KEY (`id`),
  KEY `fk_configuration_compte1` (`id_compte_zakat_due`),
  CONSTRAINT `fk_configuration_compte1` FOREIGN KEY (`id_compte_zakat_due`) REFERENCES `compte` (`id`) ON DELETE SET NULL
) ENGINE=InnoDB AUTO_INCREMENT=2 DEFAULT CHARSET=utf8;
/*!40101 SET character_set_client = @saved_cs_client */;

--
-- Dumping data for table `configuration`
--

LOCK TABLES `configuration` WRITE;
/*!40000 ALTER TABLE `configuration` DISABLE KEYS */;
INSERT INTO `configuration` VALUES (1,'',0,'D:\\MyDev\\C#\\Projects\\MaCompta\\bd\\archives',NULL,0,NULL);
/*!40000 ALTER TABLE `configuration` ENABLE KEYS */;
UNLOCK TABLES;

--
-- Table structure for table `contenu_transaction`
--

DROP TABLE IF EXISTS `contenu_transaction`;
/*!40101 SET @saved_cs_client     = @@character_set_client */;
/*!40101 SET character_set_client = utf8 */;
CREATE TABLE `contenu_transaction` (
  `id` int(11) NOT NULL AUTO_INCREMENT,
  `id_transaction` int(11) NOT NULL,
  `id_compte` int(4) NOT NULL,
  `id_projet` int(11) DEFAULT NULL,
  `description` varchar(250) DEFAULT NULL,
  `debit` double DEFAULT NULL,
  `credit` double DEFAULT NULL,
  PRIMARY KEY (`id`),
  KEY `fk_transaction_has_compte_compte1` (`id_compte`),
  KEY `fk_transaction_has_compte_transaction1` (`id_transaction`),
  KEY `fk_transaction_has_compte_projet1` (`id_projet`),
  CONSTRAINT `fk_transaction_has_compte_compte1` FOREIGN KEY (`id_compte`) REFERENCES `compte` (`id`),
  CONSTRAINT `fk_transaction_has_compte_projet1` FOREIGN KEY (`id_projet`) REFERENCES `projet` (`id`) ON DELETE SET NULL,
  CONSTRAINT `fk_transaction_has_compte_transaction1` FOREIGN KEY (`id_transaction`) REFERENCES `transaction` (`id`)
) ENGINE=InnoDB AUTO_INCREMENT=1582 DEFAULT CHARSET=utf8;
/*!40101 SET character_set_client = @saved_cs_client */;

--
-- Dumping data for table `contenu_transaction`
--

LOCK TABLES `contenu_transaction` WRITE;
/*!40000 ALTER TABLE `contenu_transaction` DISABLE KEYS */;
INSERT INTO `contenu_transaction` VALUES (1,1,1010,NULL,NULL,NULL,7102.8),(2,1,1020,NULL,NULL,NULL,3905.5),(3,1,1030,NULL,NULL,NULL,2720.5),(4,1,1040,NULL,NULL,NULL,12684.9),(5,1,3010,NULL,NULL,26413.7,NULL),(6,2,3010,NULL,'Réajustement du compte',30368.74,NULL),(7,2,1040,NULL,NULL,NULL,30368.74),(32,3,1040,NULL,'1er Versement',10000,NULL),(33,3,5552,NULL,'1er versement',NULL,10000),(34,4,1040,NULL,'2ème versement',3000,NULL),(35,4,5552,NULL,'2ème versement',NULL,3000),(36,5,1040,NULL,'3ème versement',11454.32,NULL),(37,5,5552,NULL,'3ème versement',NULL,11454.32),(38,7,1040,NULL,'Frais d\'équipement téléphonique',3400,NULL),(39,7,5552,NULL,'Frais d\'équipement téléphonique',NULL,3400),(40,6,1040,NULL,'Frais de légalisation de la signature apposée sur le contrat de vente( 2 exemplaires)',12,NULL),(41,6,5552,NULL,'Frais de légalisation de la signature apposée sur le contrat de vente',NULL,12),(42,8,1040,NULL,'Frais d\'enregistrement : reçu n°0802379/06',1711.42,NULL),(43,8,5552,NULL,'Frais d\'enregistrement : reçu n°0802379/06',NULL,1711.42),(44,9,1040,NULL,'Droit de timbres de quittance (3 Exemplaires)',240,NULL),(45,9,5552,NULL,'Droit de timbres de quittance',NULL,240),(46,10,1040,NULL,'Frais payés à la conservation foncière',525,NULL),(47,10,5552,NULL,'Frais payés à la conservation foncière',NULL,525),(48,11,1040,NULL,'Frais de transport',26,NULL),(49,11,5552,NULL,'Frais de transport',NULL,26),(50,12,1020,NULL,'Déplacement à Rabat et re',8,NULL),(51,12,5020,NULL,NULL,NULL,8),(68,15,1040,NULL,'Honoraires payés à l\'architecte',5000,NULL),(69,15,5554,NULL,'Honoraires payés à l\'architecte',NULL,5000),(78,20,1020,NULL,'Achat de 2 journaux',7,NULL),(79,20,5030,NULL,NULL,NULL,7),(80,19,1020,NULL,'Zakate Alfitr',60,NULL),(81,19,5440,NULL,NULL,NULL,60),(82,21,1040,NULL,'Réglement en espèces du 2ème versement des honoraires',5000,NULL),(83,21,5554,NULL,'Réglement en espèces du 2ème versement des honoraires',NULL,5000),(84,22,1040,NULL,'Réglement en espèces du 3ème versement des honoraires',5000,NULL),(85,22,5554,NULL,'Réglement en espèces du 3ème versement des honoraires',NULL,5000),(86,23,1040,NULL,'Réglement en espèces du 4ème versement des honoraires',5000,NULL),(87,23,5554,NULL,'Réglement en espèces du 4ème versement des honoraires',NULL,5000),(94,27,1040,NULL,'Obtention d\'un  certifcat de propriété ',75,NULL),(95,27,5556,NULL,'Obtention d\'un  certifcat de propriété ',NULL,75),(96,28,1040,NULL,'Photocopies +papiers à lettres',5.2,NULL),(97,28,5556,NULL,'Photocopies +papiers à lettres',NULL,5.2),(98,29,1040,NULL,'10 tirages de plan',94,NULL),(99,29,5556,NULL,NULL,NULL,94),(102,16,1040,NULL,'Frais payés à la conservation foncière',495,NULL),(103,16,5554,NULL,'Frais payés à la conservation foncière',NULL,495),(118,13,1020,NULL,'Achat de produits alimentaires',47.6,NULL),(119,13,5005,NULL,'Achat de produits alimenta',NULL,47.6),(120,32,1020,NULL,'Achat de produits alimentaires',40,NULL),(121,32,5010,NULL,NULL,NULL,40),(124,17,1040,NULL,'Légalisation de signature apposée sur le contrat établi avec l\'architecte',12,NULL),(125,17,5554,NULL,'Légalisation de signature apposée sur le contrat établi avec l\'architecte',NULL,12),(126,33,1020,NULL,'Affectation du montant en espèces au titre du mois de septembre 2012',90,NULL),(127,33,5430,NULL,'Affectation du montant en espèces au titre du mois de septembre 2012',NULL,90),(128,34,1040,NULL,'Achat de 7 timbres de quittance à 20.00 dh',140,NULL),(129,34,5556,NULL,'Achat de 7 timbres de quittance à 20.00 dh',NULL,140),(168,45,1020,NULL,'Achat d\'un Kg de figues fraiches',14,NULL),(169,45,5005,NULL,'Achat d\'un Kg de figues fraiches',NULL,14),(170,46,1020,NULL,'Achat d\'un journal',4,NULL),(171,46,5030,NULL,'Achat d\'un journal',NULL,4),(172,47,1040,NULL,'Coût des travaux de déblaiement du terrain',7000,NULL),(173,47,5558,NULL,'Coût des travaux de déblaiement du terrain',NULL,7000),(180,51,1040,NULL,'Coût du creusement du sous-sol',12600,NULL),(181,51,5558,NULL,'Coût du creusement du sous-sol',NULL,12600),(190,54,3010,NULL,'Réajustement du compte',19812,NULL),(191,54,1040,NULL,'Réajustement du compte',NULL,19812),(192,55,1020,NULL,'Achat d\'une boîte de paté pour chats',13,NULL),(193,55,5005,NULL,'Achat d\'une boîte de paté pour chats',NULL,13),(194,41,3010,NULL,'Réajustement du compte',15949.79,NULL),(195,41,1040,NULL,'Réajustement du compte',NULL,15949.79),(196,24,1040,NULL,'Frais forfaitaires de déplacement de l\'architecte au chantier',1000,NULL),(197,24,5556,NULL,'Frais forfaitaires de déplacement de l\'architecte\' au chantier',NULL,1000),(204,56,1010,NULL,'Rétablissement de l\'avoir réel du compte',NULL,2094.39),(205,56,1040,NULL,'Rétablissement de l\'avoir réel du compte',2094.39,NULL),(218,14,3010,NULL,'Réajustement de l\'avoir du compte',21542,NULL),(219,14,1040,NULL,'Réajustement de l\'avoir du compte',NULL,21542),(226,59,1010,NULL,'Réglement factures téléphone et internet au titre du mois d\'Août 2012',187.84,NULL),(227,59,5365,NULL,NULL,NULL,187.84),(232,62,1030,NULL,'Cadeau en espèces offert à Mr Tahiri Jamal',200,NULL),(233,62,5415,NULL,'Cadeau en espèces offert à Mr Tahiri Jamal',NULL,200),(234,63,1020,NULL,'Déplacement à Rabat, Salé, Rabat et retour',46,NULL),(235,63,5020,NULL,'Déplacement à Rabat, Salé, Rabat et retour',NULL,46),(236,64,1020,NULL,'Achat de 2 journaux',7,NULL),(237,64,5030,NULL,'Déplacement à Rabat, Salé, Rabat et retour',NULL,7),(242,43,1040,NULL,'Achat Tubes oranges et articles électriques',650,NULL),(243,43,5610,NULL,NULL,NULL,650),(246,61,1020,NULL,'Achat de produits alimentaires',433.5,NULL),(247,61,5005,NULL,'Achat de produits alimentaires',NULL,433.5),(262,42,1040,NULL,'Montant forfaitaire des honoraires pour visites de chantier',500,NULL),(263,42,5565,NULL,'Montant forfaitaire des honoraires pour visites de chantier',NULL,500),(264,26,1040,NULL,'Frais forfaitaires de déplacement de l\'architecte\' au chantier',400,NULL),(265,26,5570,NULL,'Frais forfaitaires de déplacement de l\'architecte\' au chantier',NULL,400),(266,25,1040,NULL,'Frais forfaitaires de déplacement de l\'architecte\' au chantier',100,NULL),(267,25,5570,NULL,'Frais forfaitaires de déplacement de l\'architecte\' au chantier',NULL,100),(284,72,1040,NULL,'Achat d\'un robinet et d\'accessoires',100,NULL),(285,72,5620,NULL,'Achat d\'un robinet et d\'accessoires',NULL,100),(318,31,1040,NULL,'Honoraires de l\'ingénieur \'Béton Armé\'',3000,NULL),(319,31,5565,NULL,'Honoraires de l\'ingénieur \'Béton Armé\'',NULL,3000),(328,88,1040,NULL,'Paiement reliquat des honoraires',2000,NULL),(329,88,5568,NULL,'Paiement reliquat des honoraires',NULL,2000),(330,89,1040,NULL,'Somme versée par complaisance sur recommandation ferme de l\'ingénieur Topographe lors de la vérification des fondations',200,NULL),(331,89,5564,NULL,'Somme versée par complaisance sur recommandation ferme de l\'ingénieur Topographe lors de la vérification des fondations',NULL,200),(334,91,1040,NULL,'Photocopies de l\'autorisation de construire',6,NULL),(335,91,5564,NULL,'Photocopies de l\'autorisation de construire',NULL,6),(342,94,1040,NULL,'Remboursement frais de déplacement au chantier',10,NULL),(343,94,5655,NULL,'Remboursement frais de déplacement au chantier',NULL,10),(354,53,1040,NULL,'Montant servi aux conducteurs d\'engins ( creusement du sous-sol )',40,NULL),(355,53,5665,NULL,'Montant servi aux conducteurs d\'engins ( creusement du sous-sol )',NULL,40),(358,70,1040,NULL,'Réglement frais pour occupation temporaire du domaine public',2240,NULL),(359,70,5564,NULL,'Réglement frais pour occupation temporaire du domaine public',NULL,2240),(360,30,1040,NULL,'Frais payés en espèces à la commune urbaine de Agdal-Ryad',9260,NULL),(361,30,5564,NULL,NULL,NULL,9260),(368,95,1040,NULL,'Réajustement de l\'avoir du compte',50,NULL),(369,95,3030,NULL,'Réajustement de l\'avoir du compte',NULL,50),(372,80,1040,NULL,'Pourboire',31,NULL),(373,80,5655,NULL,'Pourboire',NULL,31),(374,83,1040,NULL,'Montant versé en espèces',50,NULL),(375,83,5665,NULL,'Montant versé en espèces',NULL,50),(376,87,1040,NULL,'Réglement de la 1ère tranche',1000,NULL),(377,87,5568,NULL,'Réglement de la 1ère tranche',NULL,1000),(378,74,1040,NULL,'pourboire servi au gardien du chantier',20,NULL),(379,74,5665,NULL,'Pourboire servi au gardien du chantier',NULL,20),(380,93,1040,NULL,'Somme versée en espèces à l\'occasion du coulage du béton dans les fondations',200,NULL),(381,93,5665,NULL,'Somme versée en espèces à l\'occasion du coulage du béton dans les fondations',NULL,200),(382,96,2010,NULL,'Prêt accordé sans condition de remboursement',14000,NULL),(383,96,1040,NULL,'Prêt accordé sans condition de remboursement',NULL,14000),(392,99,2020,NULL,'Produits de la vente des bijoux personnels',35000,NULL),(393,99,1040,NULL,'Produits de la vente des bijoux personnels',NULL,35000),(396,101,2050,NULL,'Encaissement chèque de virement',30000,NULL),(397,101,1010,NULL,'Encaissement chèque de virement',NULL,30000),(398,100,2030,NULL,'Encaissement chèque de virement',30000,NULL),(399,100,1010,NULL,'Encaissement chèque de virement',NULL,30000),(402,102,2010,NULL,'prêt accordé sans conditon de remboursement',20000,NULL),(403,102,1040,NULL,'prêt accordé sans conditon de remboursement',NULL,20000),(404,103,2030,NULL,'Encaissement du montant du prêt accordé par virement bancaire',20000,NULL),(405,103,1010,NULL,'Encaissement du montant du prêt accordé par virement bancaire',NULL,20000),(410,104,2040,NULL,'Prêt accordé avec condition de remboursement à partir de Juillet 2012',20000,NULL),(411,104,1040,NULL,'Prêt accordé avec condition de remboursement à partir de Juillet 2012',NULL,20000),(422,110,1040,NULL,'Achat de 12 m de tuyaux de 200mm',360,NULL),(423,110,5562,NULL,'Achat de 12 m de tuyaux de 200mm',NULL,360),(428,113,1020,NULL,'Achat de 4 journaux et d\'un hebdomadaire',25,NULL),(429,113,5030,NULL,'Achat de 4 journaux et d\'un hebdomadaire',NULL,25),(430,114,1030,NULL,'Légalisation de signature + frais rattachés',17,NULL),(431,114,5502,NULL,'Légalisation de signature + frais rattachés',NULL,17),(432,115,1030,NULL,'Paiement en espèces du loyer de l\'appartement de Rabat au titre du mois de septembre 2012',1035,NULL),(433,115,5360,NULL,'Légalisation de signature + frais rattachés',NULL,1035),(436,116,4030,NULL,'Alimentation du compte \' Fonds propres\'',2500,NULL),(437,116,1030,NULL,'Alimentation du compte \' Fonds propres\'',NULL,2500),(444,119,1030,NULL,'Réparation cocote',20,NULL),(445,119,5266,NULL,'Réparation cocote',NULL,20),(450,118,1030,NULL,'Achat de carte JAWAL pour AMINA',50,NULL),(451,118,5524,NULL,'Achat de carte JAWAL pour AMINA',NULL,50),(454,120,1030,NULL,'Articles pour thé offerts à Talal demi frère à l\'occasion de son mariage',580,NULL),(455,120,5415,NULL,'Articles pour thé offerts à Talal demi frère à l\'occasion de son mariage',NULL,580),(456,122,1040,NULL,'Photocopies en couleur de modèles de cheminée',18,NULL),(457,122,5564,NULL,'Tirage de 9 photocopies couleur de modèles de cheminée',NULL,18),(464,126,1030,NULL,'Contrôle du volume de la prostate',200,NULL),(465,126,5054,NULL,'Contrôle du volume de la prostate',NULL,200),(466,127,1040,NULL,'Salaire payé à M. Mohamed Ibrahimi, spécialiste des travaux de branchement au réseau public d\'assainissement',6000,NULL),(467,127,5562,NULL,'Salaire payé à M. Mohamed Ibrahimi, spécialiste des travaux de branchement au réseau public d\'assainissement',NULL,6000),(470,129,1040,NULL,'Montant versé à l\'occasion du coulage de la dalle du plancher',100,NULL),(471,129,5665,NULL,'Montant versé à l\'occasion du coulage de la dalle du plancher',NULL,100),(482,134,1040,NULL,'Achat d\'articles électriques divers pour branchement électrique',600,NULL),(483,134,5610,NULL,'Achat d\'articles électriques divers pour branchement électrique',NULL,600),(486,136,1040,NULL,'Somme offerte aux ouvriers du chantier',50,NULL),(487,136,5665,NULL,'Somme offerte aux ouvriers du chantier',NULL,50),(496,140,1040,NULL,'Somme servie aux ouvriers du chantier',50,NULL),(497,140,5665,NULL,'Somme servie aux ouvriers du chantier',NULL,50),(504,144,1030,NULL,'Achat d\'une tonne de bois de cheminée',1400,NULL),(505,144,5528,NULL,'Achat d\'une tonne de bois de cheminée',NULL,1400),(506,145,1020,NULL,'Frais de déplacement à Rabat, Kénitra, Rabat et retour',76,NULL),(507,145,5020,NULL,'Frais de déplacement à Rabat, Kénitra, Rabat et retour',NULL,76),(508,146,1020,NULL,'Achat de denrées alimentaires',11.5,NULL),(509,146,5005,NULL,'Achat de denrées alimentaires',NULL,11.5),(512,148,1040,NULL,'Travaux de coulage du Rez de chaussée',300,NULL),(513,148,5665,NULL,'Travaux de coulage du Rez de chaussée',NULL,300),(514,147,1040,NULL,'Frais de jus offerts aux 3 intervenants ( Tacheron, Architecte et ingénieur béton armé )',84,NULL),(515,147,5564,NULL,'rais de jus offerts aux 3 intervenants ( Tacheron, Architecte et ingénieur béton armé )',NULL,84),(516,149,1040,NULL,'Achat de tubes orange',245,NULL),(517,149,5610,NULL,'Achat de tubes orange',NULL,245),(518,150,1040,NULL,'4ème versement réglé en espèces',30000,NULL),(519,150,5575,NULL,'4ème versement réglé en espèces',NULL,30000),(526,154,1040,NULL,'Pourboire servi aux ouvriers du chantier',50,NULL),(527,154,5665,NULL,'Pourboire servi aux ouvriers du chantier',NULL,50),(538,160,1040,NULL,'Pourboire accordé en espèces aux ouvriers du chantier',50,NULL),(539,160,5665,NULL,'Pourboire accordé en espèces aux ouvriers du chantier',NULL,50),(540,161,1040,NULL,'5ème versement en espèces remis en main propre à Mr Abderrahmane Ettaleb, entrepreneur',30000,NULL),(541,161,5575,NULL,'5ème versement en espèces remis en main propre à Mr Abderrahmane Ettaleb, entrepreneur',NULL,30000),(544,163,1040,NULL,'Somme accordée aux ouvriers du chantier',50,NULL),(545,163,5665,NULL,'Somme accordée aux ouvriers du chantier',NULL,50),(550,166,1040,NULL,'Achat de tubes orange',350,NULL),(551,166,5610,NULL,'Achat de tubes orange',NULL,350),(554,168,1040,NULL,'Pourboire servi à l\'occasion du coulage de la dalle de l\'étage',300,NULL),(555,168,5665,NULL,'Pourboire servi à l\'occasion du coulage de la dalle de l\'étage',NULL,300),(564,173,1020,NULL,'Achat d\'un journal',4,NULL),(565,173,5030,NULL,'Achat d\'un journal',NULL,4),(570,159,2010,NULL,'Prêt accordé en espèces et sans conditions de remboursement',40000,NULL),(571,159,1040,NULL,'Prêt accordé en espèces et sans conditions de remboursement',NULL,40000),(572,169,1030,NULL,'Déchargement bois de chauffage pour la cheminée',45,NULL),(573,169,5530,NULL,'Déchargement bois de chauffage de cheminée',NULL,45),(574,170,1020,NULL,'Alimentation générale',270,NULL),(575,170,5005,NULL,'Alimentation générale',NULL,270),(576,171,1020,NULL,'Déplacement à Témara et retour',30,NULL),(577,171,5020,NULL,'Déplacement à Témara et retour',NULL,30),(578,174,1040,NULL,'6ème Versement en espèces',30000,NULL),(579,174,5575,NULL,'6ème Versement en espèces',NULL,30000),(586,178,1040,NULL,'Réglement reliquat pour fourniture cadres pour équipements aluminium',1000,NULL),(587,178,5625,NULL,'Réglement reliquat pour fourniture cadres pour équipements aluminium',NULL,1000),(588,179,1040,NULL,'Avance sur montant commande des faux cadres Aluminium (3000.00 DH)',2000,NULL),(589,179,5625,NULL,'Avance sur montant commande des faux cadres Aluminium (3000.00 DH)',NULL,2000),(590,180,1040,NULL,'Pourboire servi aux ouvriers du chantier',50,NULL),(591,180,5665,NULL,'Pourboire servi aux ouvriers du chantier',NULL,50),(592,123,1040,NULL,'Pourboire servi aux ouvriers du chantier',50,NULL),(593,123,5665,NULL,'Pourboire servi aux ouvriers du chantier',NULL,50),(598,183,1040,NULL,'7ème Versement effectué en espèces',30000,NULL),(599,183,5575,NULL,'7ème Versement effectué en espèces',NULL,30000),(606,187,1040,NULL,'Somme servie aux ouvriers du chantier',50,NULL),(607,187,5665,NULL,'Somme servie aux ouvriers du chantier',NULL,50),(614,191,1010,NULL,'Retraits des fonds au profit de moi-même',3000,NULL),(615,191,1030,NULL,'Alimentation du compte en espèces',NULL,3000),(616,192,1010,NULL,'Achat d\'équipements de plomberie et accessoires',4650,NULL),(617,192,5620,NULL,'Achat d\'équipements de plomberie et accessoires',NULL,4650),(618,193,1040,NULL,'Location d\'un véhicule pour transport des articles de plomberie',70,NULL),(619,193,5640,NULL,'Location d\'un véhicule pour transport des articles de plomberie',NULL,70),(620,194,1040,NULL,'Pourboire servi à l\'ouvrier plombier',20,NULL),(621,194,5660,NULL,'Pourboire servi à l\'ouvrier plombier',NULL,20),(624,196,1010,NULL,'Réglement factures au titre du mois d\'août 2012',84.51,NULL),(625,196,5390,NULL,'Réglement factures au titre du mois d\'août 2012',NULL,84.51),(626,197,1010,NULL,'Réglement factures au titre du mois d\'août 2012',431.14,NULL),(627,197,5380,NULL,'Réglement factures au titre du mois d\'août 2012',NULL,431.14),(628,198,1010,NULL,'Réglement factures au titre du mois d\'août 2012',154.22,NULL),(629,198,5576,NULL,'Réglement factures au titre du mois d\'août 2012',NULL,154.22),(630,199,1020,NULL,'Achat des produits alimentaires',381.1,NULL),(631,199,5005,NULL,'Achat des produits alimentaires',NULL,381.1),(632,200,1020,NULL,'Rabat, Salé, Rabat et retour',25,NULL),(633,200,5020,NULL,'Rabat, Salé, Rabat et retour',NULL,25),(634,201,1020,NULL,'Achat de 3 journaux et un hebdomadaire',21,NULL),(635,201,5030,NULL,'Achat de 3 journaux et un hebdomadaire',NULL,21),(638,203,1030,NULL,'Achat d\'un tube de pommade',11,NULL),(639,203,5066,NULL,'Achat d\'un tube de pommade',NULL,11),(640,202,1030,NULL,'Achat de Doliprane',14,NULL),(641,202,5064,NULL,'Achat de Doliprane',NULL,14),(648,206,1040,NULL,'Pourboire servi au plombier',20,NULL),(649,206,5660,NULL,'Pourboire servi au plombier',NULL,20),(650,207,1040,NULL,'Pourboire servi aux ouvriers du chantier',50,NULL),(651,207,5665,NULL,'Pourboire servi aux ouvriers du chantier',NULL,50),(652,208,1010,NULL,'Réglement factures Téléphone et Internet - Mois d\'août 2012 ',233,NULL),(653,208,5365,NULL,'Réglement factures Téléphone et Internet - Mois d\'août 2012',NULL,233),(658,211,1040,NULL,'Somme servieaux ouvriers du chantier',50,NULL),(659,211,5665,NULL,'Somme servieaux ouvriers du chantier',NULL,50),(662,205,1020,NULL,'Achat de produits alimentaires',307.5,NULL),(663,205,5005,NULL,'Achat de produits alimentaires',NULL,307.5),(664,213,1040,NULL,'Somme servies aux ouvriers chargés du coulage de la dalle de la terrasse',300,NULL),(665,213,5665,NULL,'Somme servies aux ouvriers chargés du coulage de la dalle de la terrasse',NULL,300),(668,215,1040,NULL,'9ème versement en espèces',30000,NULL),(669,215,5575,NULL,'9ème versement en espèces',NULL,30000),(670,216,1040,NULL,'Pourboire servi aux ouvriers du chantier',50,NULL),(671,216,5665,NULL,'Pourboire servi aux ouvriers du chantier',NULL,50),(674,218,1040,NULL,'Somme servie à l\'électricien à l\'occasion de son déplacement au chantier',10,NULL),(675,218,5655,NULL,'Somme servie à l\'électricien à l\'occasion de son déplacement au chantier',NULL,10),(678,220,1040,NULL,'Pourboire servi aux ouvriers du chantier ',50,NULL),(679,220,5665,NULL,'Pourboire servi aux ouvriers du chantier ',NULL,50),(682,222,1040,NULL,'Montant servi pour les ouvriers travaillant sur le chantier',50,NULL),(683,222,5665,NULL,'Montant servi pour les ouvriers travaillant sur le chantier',NULL,50),(684,223,1040,NULL,'10 ème versement en espéces',30000,NULL),(685,223,5575,NULL,'10 ème versement en espéces',NULL,30000),(688,224,1010,NULL,'Alimentation de compte',30000,NULL),(689,224,1040,NULL,'Alimentation de compte',NULL,30000),(690,18,1040,NULL,'Frais de transport',35,NULL),(691,18,5596,NULL,'Frais de transport',NULL,35),(692,67,1040,NULL,'Achat d\'une carte Jawal',50,NULL),(693,67,5594,NULL,'Achat d\'une carte Jawal',NULL,50),(696,36,1040,NULL,'Achat de cartes  JAWAL - période du 14/7 au 30/11/2011',90,NULL),(697,36,5594,NULL,'Achat de cartes  JAWAL - période du 14/7 au 30/11/2011',NULL,90),(698,39,1040,NULL,'Période du 14/7 au 30/11/2011',134,NULL),(699,39,5596,NULL,'Période du 14/7 au 30/11/2011',NULL,134),(700,38,1040,NULL,'Déplacement à Rabat - Agdal et retour',7.2,NULL),(701,38,5596,NULL,'Déplacement à Rabat - Agdal et retour',NULL,7.2),(702,48,1040,NULL,'Montant payé pour 5 déplacements à Rabat Hay Ryad et retour',36,NULL),(703,48,5596,NULL,'Montant payé pour 5 déplacements à Rabat Hay Ryad et retour',NULL,36),(704,49,1040,NULL,'Achat d\'une carte JAWAL',100,NULL),(705,49,5594,NULL,'Achat d\'une carte JAWAL',NULL,100),(706,50,1040,NULL,'Frais de déplacement à Rabat Hay Ryad et retour',14.4,NULL),(707,50,5596,NULL,'Frais de déplacement à Rabat Hay Ryad et retou',NULL,14.4),(708,52,1040,NULL,'Déplacement à Rabat Hay Ryad et retour',21.6,NULL),(709,52,5596,NULL,'Déplacement à Rabat Hay Ryad et retour',NULL,21.6),(710,58,1040,NULL,'Déplacement à Hay Ryad et retour',21.6,NULL),(711,58,5596,NULL,'Déplacement à Hay Ryad et retour',NULL,21.6),(712,69,1040,NULL,'Déplacement à Hay Ryad ',3.6,NULL),(713,69,5596,NULL,'Déplacement à Hay Ryad',NULL,3.6),(714,71,1040,NULL,'Déplacement à Rabat agdal',4,NULL),(715,71,5596,NULL,'Frais de déplacement à Rabat Agdal',NULL,4),(716,73,1040,NULL,'Déplacement à Hay Ryad et retour',16,NULL),(717,73,5596,NULL,'Déplacement à Hay Ryad et retour',NULL,16),(718,75,1040,NULL,'Déplacement à hay Ryad et retour',8,NULL),(719,75,5596,NULL,'Déplacement à hay Ryad et retour',NULL,8),(720,76,1040,NULL,'Déplacement à Rabat, Hay Ryad, Temara et retour',16,NULL),(721,76,5596,NULL,'Déplacement à Rabat, Hay Ryad, Temara et retour',NULL,16),(724,82,1040,NULL,'Déplacement à Rabat Hay Ryad et retour',8,NULL),(725,82,5596,NULL,'Déplacement à Rabat Hay Ryad et retour',NULL,8),(726,84,1040,NULL,'Achat d\'une carte Jawal',50,NULL),(727,84,5594,NULL,'Achat d\'une carte Jawal',NULL,50),(728,90,1040,NULL,'Achat d\'une carte de recharge Jawal',100,NULL),(729,90,5594,NULL,'Achat d\'une carte de recharge Jawal',NULL,100),(730,92,1040,NULL,'Déplacement à Rabat Hay Ryad et retour',12,NULL),(731,92,5596,NULL,'Déplacement à Rabat Hay Ryad et retour',NULL,12),(732,105,1040,NULL,'Déplacement à Hay Ryad et retour à Rabat',8,NULL),(733,105,5596,NULL,'Déplacement à Hay Ryad et retour à Rabat',NULL,8),(734,107,1040,NULL,'Achat d\'une carte jawal',100,NULL),(735,107,5594,NULL,'Achat d\'une carte jawal',NULL,100),(736,108,1040,NULL,'Déplacement Rabat Hay Ryad et retour',16,NULL),(737,108,5596,NULL,'Déplacement Rabat Hay Ryad et retour',NULL,16),(738,109,1040,NULL,'Achat d\'une carte jawal',50,NULL),(739,109,5594,NULL,'Achat d\'une carte jawal',NULL,50),(740,128,1040,NULL,'Déplacement à Rabat Hay Ryad et retour',16,NULL),(741,128,5596,NULL,'Déplacement à Rabat Hay Ryad et retour',NULL,16),(742,130,1040,NULL,'Déplacement à hay Ryad et retour',8,NULL),(743,130,5596,NULL,'Déplacement à hay Ryad et retour',NULL,8),(744,133,1040,NULL,'Déplacement à Rabat Hay Ryad et retour',16,NULL),(745,133,5596,NULL,'Déplacement à Rabat Hay Ryad et retour',NULL,16),(746,135,1040,NULL,'Déplacement à Rabat Hay Ryad ET retour',16,NULL),(747,135,5596,NULL,'Déplacement à Rabat Hay Ryad ET retour',NULL,16),(748,137,1040,NULL,'Déplacement à Hay Ryad et retour',8,NULL),(749,137,5596,NULL,'Déplacement à Hay Ryad et retour',NULL,8),(750,138,1040,NULL,'Déplacement à Rabat Hay Ryad et retour',16,NULL),(751,138,5596,NULL,'Déplacement à Rabat Hay Ryad et retour',NULL,16),(752,139,1040,NULL,'Frais de transport Rabat Hay Ryad',16,NULL),(753,139,5596,NULL,'Frais de transport Rabat Hay Ryad',NULL,16),(754,141,1040,NULL,'Déplacement à Hay Ryad et retour',12,NULL),(755,141,5596,NULL,'Déplacement à Hay Ryad et retour',NULL,12),(756,142,1040,NULL,'Déplacement à Hay Ryad et retour',8,NULL),(757,142,5596,NULL,'Déplacement à Hay Ryad et retour',NULL,8),(758,143,1040,NULL,'Déplacement à Hay Riad et retour',16,NULL),(759,143,5596,NULL,'Déplacement à Hay Riad et retour',NULL,16),(760,151,1040,NULL,'Déplacement à Rabat Hay Ryad et retour',16,NULL),(761,151,5596,NULL,'Déplacement à Rabat Hay Ryad et retour',NULL,16),(762,152,1040,NULL,'Déplacement à Rabat Hay Ryad et retour',24,NULL),(763,152,5596,NULL,'Déplacement à Rabat Hay Ryad et retour',NULL,24),(764,153,1040,NULL,'Déplacement à Rabat Hay Ryad et retour',16,NULL),(765,153,5596,NULL,'Déplacement à Rabat Hay Ryad et retour',NULL,16),(766,155,1040,NULL,'Déplacement à Hay Ryad et retour',8,NULL),(767,155,5596,NULL,'Déplacement à Hay Ryad et retour',NULL,8),(768,156,1040,NULL,'Déplacement à Hay Ryad et retour',8,NULL),(769,156,5596,NULL,'Déplacement à Hay Ryad et retour',NULL,8),(770,157,1040,NULL,'Achat d\'une carte JAWAL',50,NULL),(771,157,5594,NULL,'Achat d\'une carte JAWAL',NULL,50),(772,158,1040,NULL,'Déplacement à Rabat Hay Ryad et retour',16,NULL),(773,158,5596,NULL,'Déplacement à Rabat Hay Ryad et retour',NULL,16),(774,162,1040,NULL,'Déplacement à Rabat Hay Ryad et retour',16,NULL),(775,162,5596,NULL,'Déplacement à Rabat Hay Ryad et retour',NULL,16),(776,66,1040,NULL,'Déplacement à Hay Ryad et retour',8,NULL),(777,66,5596,NULL,'Déplacement à Hay Ryad et retour',NULL,8),(778,85,1040,NULL,'Déplacement à Rabat Hay Ryad',16,NULL),(779,85,5596,NULL,'Déplacement à Rabat Hay Ryad',NULL,16),(780,86,1040,NULL,'Déplacement à Rabat Agdal et retour',18,NULL),(781,86,5596,NULL,'Déplacement à Rabat Agdal et retour',NULL,18),(782,106,1040,NULL,'Déplacement à Hay Ryad et retour',16,NULL),(783,106,5596,NULL,'Déplacement à Hay Ryad et retour',NULL,16),(784,121,1040,NULL,'Achat d\'une carte JAWAL',100,NULL),(785,121,5594,NULL,'Achat d\'une carte JAWAL',NULL,100),(786,124,1040,NULL,'Déplacement à Hay Ryad et retour',8,NULL),(787,124,5596,NULL,'Déplacement à Hay RYAD et retour',NULL,8),(788,125,1040,NULL,'Déplacement à Rabat Hay RyaD et retour',13,NULL),(789,125,5596,NULL,'Déplacement à Rabat Hay Ryad et retour',NULL,13),(790,172,1040,NULL,'Déplacement à Hay Ryad et retour',16,NULL),(791,172,5596,NULL,'Déplacement à Rabat Hay Ryad et retour',NULL,16),(792,175,1040,NULL,'Déplacement à Rabat Hay Ryad et retour',16,NULL),(793,175,5596,NULL,'Déplacement à Rabat Hay Ryad et retour',NULL,16),(794,176,1040,NULL,'Déplacement à Rabat Hay Ryad et retour',8,NULL),(795,176,5596,NULL,'Déplacement à Rabat Hay Ryad et retour',NULL,8),(796,195,1040,NULL,'Déplacement de Rabat à témara, Hay Ryad et retour',12,NULL),(797,195,5596,NULL,'Déplacement de Rabat à témara, Hay Ryad et retour',NULL,12),(798,209,1040,NULL,'Déplacement à Rabat Hay Ryad et retour',16,NULL),(799,209,5596,NULL,'Déplacement à Rabat Hay Ryad et retour',NULL,16),(800,164,1040,NULL,'Déplacement à Rabat Hay Ryad et retour',16,NULL),(801,164,5596,NULL,'Déplacement à Rabat Hay Ryad et retour',NULL,16),(802,165,1040,NULL,'Déplacement à Rabat Hay Ryad et retour',16,NULL),(803,165,5596,NULL,'Déplacement à Rabat Hay Ryad et retour',NULL,16),(804,167,1040,NULL,'Déplacement à Rabat Hay Ryad et retour',16,NULL),(805,167,5596,NULL,'Déplacement à Rabat Hay Ryad et retour',NULL,16),(806,177,1040,NULL,'Déplacement à Rabat Hay Ryad et retour',16,NULL),(807,177,5596,NULL,'Déplacement à Rabat Hay Ryad et retour',NULL,16),(808,181,1040,NULL,'Déplacement à Hay Ryad et retour',24,NULL),(809,181,5596,NULL,'Déplacement à Hay Ryad et retour',NULL,24),(810,182,1040,NULL,'Déplacement à Hay Ryad et retour',16,NULL),(811,182,5596,NULL,'Déplacement à Hay Ryad et retour',NULL,16),(812,184,1040,NULL,'Déplacement à Rabat Hay Ryad et retour',16,NULL),(813,184,5596,NULL,'Déplacement à Rabat Hay Ryad et retour',NULL,16),(814,185,1040,NULL,'Montant servi aux ouvriers du chantier',50,NULL),(815,185,5665,NULL,'Montant servi aux ouvriers du chantier',NULL,50),(816,186,1040,NULL,'Déplacement à Rabat Hay Ryad et retour',16,NULL),(817,186,5596,NULL,'Déplacement à Rabat Hay Ryad et retour',NULL,16),(818,188,1040,NULL,'Déplacement à Rabat Hay Ryad et retour',16,NULL),(819,188,5596,NULL,'Déplacement à Rabat Hay Ryad et retour',NULL,16),(820,189,1040,NULL,'Recharge JAWAL',50,NULL),(821,189,5594,NULL,'Recharge JAWAL',NULL,50),(822,190,1040,NULL,'Déplacement à Hay Ryad et retour',8,NULL),(823,190,5596,NULL,'Déplacement à Hay Ryad et retour',NULL,8),(824,210,1040,NULL,'Déplacement à Rabat Hay Ryad et retour',16,NULL),(825,210,5596,NULL,'Déplacement à Rabat Hay Ryad et retour',NULL,16),(826,212,1040,NULL,'Déplacement à Rabat Hay Ryad et retour',16,NULL),(827,212,5596,NULL,'Déplacement à Rabat Hay Ryad et retour',NULL,16),(828,214,1040,NULL,'Déplacement à Hay Ryad et retour',16,NULL),(829,214,5596,NULL,'Déplacement à Hay Ryad et retour',NULL,16),(830,217,1040,NULL,'2 déplacements effectués à Hay Ryad',16,NULL),(831,217,5596,NULL,'2 déplacements effectués à Hay Ryad',NULL,16),(832,219,1040,NULL,'Déplacement à Rabat Hay Ryad et retour',16,NULL),(833,219,5596,NULL,'Déplacement à Rabat Hay Ryad et retour',NULL,16),(834,221,1040,NULL,'Déplacement à Rabat Hay Ryad et retour',16,NULL),(835,221,5596,NULL,'Déplacement à Rabat Hay Ryad et retour',NULL,16),(836,44,1040,NULL,'Déplacement à Témara et retour',10,NULL),(837,44,5596,NULL,'Déplacement à Témara et retour',NULL,10),(838,225,1040,NULL,'1er versement en espèces',1000,NULL),(839,225,5572,NULL,'1er versement en espèces',NULL,1000),(840,226,1040,NULL,'Déplacement à Hay Ryad et retour',16,NULL),(841,226,5596,NULL,'Déplacement à Hay Ryad et retour',NULL,16),(842,227,1040,NULL,'Paiement des frais de repas pour les ouvriers du chantier',200,NULL),(843,227,5665,NULL,'Paiement des frais de repas pour les ouvriers du chantier',NULL,200),(844,228,1040,NULL,'Trois copies du plan de la villa à Hay Ryad',30,NULL),(845,228,5564,NULL,'Trois copies du plan de la villa à Hay Ryad',NULL,30),(846,229,1040,NULL,'Déplacement à Rabat Hay Ryad et retour',16,NULL),(847,229,5596,NULL,'Déplacement à Rabat Hay Ryad et retour',NULL,16),(848,230,1040,NULL,'Montant versé à l\'électricien et à son aide',40,NULL),(849,230,5655,NULL,'Montant versé à l\'électricien et à son aide',NULL,40),(850,231,1040,NULL,'Somme versée aux ouvriers du chantier',50,NULL),(851,231,5665,NULL,'Somme versée aux ouvriers du chantier',NULL,50),(852,232,1040,NULL,'Achat d\'une recharge JAWAL',100,NULL),(853,232,5594,NULL,'Achat d\'une recharge JAWAL',NULL,100),(854,233,1040,NULL,'Déplacement à Hay Ryad et retour',16,NULL),(855,233,5596,NULL,'Déplacement à Hay Ryad et retour',NULL,16),(856,234,1040,NULL,'11ème versement en espèces  ',30000,NULL),(857,234,5575,NULL,'11ème versement en espèces  ',NULL,30000),(858,235,1040,NULL,'Pourboire servi aux ouvriers du chantier',50,NULL),(859,235,5665,NULL,'Pourboire servi aux ouvriers du chantier',NULL,50),(860,236,1040,NULL,'Déplacement à Rabat Hay Ryad et retour',16,NULL),(861,236,5596,NULL,'Déplacement à Rabat Hay Ryad et retour',NULL,16),(862,237,1040,NULL,'Déplacement à Rabat Hay Ryad et retour',18,NULL),(863,237,5596,NULL,'Déplacement à Rabat Hay Ryad et retour',NULL,18),(864,238,2010,NULL,'Prêt accordé sans condition de remboursement',60000,NULL),(865,238,1040,NULL,'Prêt accordé sans condition de remboursement',NULL,60000),(866,239,1040,NULL,'Pourboire servi aux ouvriers du chantier',50,NULL),(867,239,5665,NULL,'Pourboire servi aux ouvriers du chantier',NULL,50),(868,240,1040,NULL,'Déplacement à Rabat Hay Ryad et retour',17,NULL),(869,240,5596,NULL,'Déplacement à Rabat Hay Ryad et retour',NULL,17),(870,241,2010,NULL,'Prêt accordé sans condition de remboursement',3000,NULL),(871,241,1040,NULL,'Prêt accordé sans condition de remboursement',NULL,3000),(872,242,1040,NULL,'Déplacement à Rabat Hay Ryad et retour',17,NULL),(873,242,5596,NULL,'Déplacement à Rabat Hay Ryad et retour',NULL,17),(874,243,1040,NULL,'13ème versement en espèces',30000,NULL),(875,243,5575,NULL,'13ème versement en espèces',NULL,30000),(876,244,1040,NULL,'Achat d\'articles en electricité et accessoires',1450,NULL),(877,244,5610,NULL,'Achat d\'articles en electricité et accessoires',NULL,1450),(878,245,1040,NULL,'Déplacement à Rabat Hay Ryad et retour',13,NULL),(879,245,5596,NULL,'Déplacement à Rabat Hay Ryad et retour',NULL,13),(880,246,1040,NULL,'Montant servi aux ouvriers du chantier',50,NULL),(881,246,5665,NULL,'Montant servi aux ouvriers du chantier',NULL,50),(882,247,1040,NULL,'Déplacement à Hay Ryad et retour',16,NULL),(883,247,5596,NULL,'Déplacement à Hay Ryad et retour',NULL,16),(884,248,1040,NULL,'Déplacement à Rabat Hay Ryad et retour',16,NULL),(885,248,5596,NULL,'Déplacement à Rabat Hay Ryad et retour',NULL,16),(886,249,1040,NULL,'Déplacement à Rabat Hay Ryad et retour',16,NULL),(887,249,5596,NULL,'Déplacement à Rabat Hay Ryad et retour',NULL,16),(888,250,2010,NULL,'Prêt accordé sans condition de remboursement',33000,NULL),(889,250,1040,NULL,'Prêt accordé sans condition de remboursement',NULL,33000),(890,251,1010,NULL,'Remboursement intégral du montant du prêt accordé',20000,NULL),(891,251,2040,NULL,'Remboursement intégral du montant du prêt accordé',NULL,20000),(892,252,1010,NULL,'Remboursement intégral du montant de l\'emprunt par chèque',30000,NULL),(893,252,2050,NULL,'Remboursement intégral du montant de l\'emprunt par chèque',NULL,30000),(894,68,1040,NULL,'1er versement en espèces',30000,NULL),(895,68,5575,NULL,'1er versement en espèces',NULL,30000),(896,81,1040,NULL,'2ème versement en espèces',20000,NULL),(897,81,5575,NULL,'2ème versement en espèces',NULL,20000),(898,132,1040,NULL,'3ème versement en espèces',30000,NULL),(899,132,5575,NULL,'3ème versement en espèces',NULL,30000),(900,253,1040,NULL,'8ème versement en espèces',30000,NULL),(901,253,5575,NULL,'8ème versement en espèces',NULL,30000),(902,204,1040,NULL,'8ème versement réglé en espèces',30000,NULL),(903,204,5575,NULL,'8ème versement réglé en espèces',NULL,30000),(904,254,1040,NULL,'2ème versement réglé en espèces',1500,NULL),(905,254,5572,NULL,'2ème versement réglé en espèces',NULL,1500),(906,255,1040,NULL,'Déplacement à Rabat Hay Ryad et retour',16,NULL),(907,255,5596,NULL,'Déplacement à Rabat Hay Ryad et retour',NULL,16),(908,256,1040,NULL,'Montant versé aux ouvriers du chantier',50,NULL),(909,256,5665,NULL,'Montant versé aux ouvriers du chantier',NULL,50),(910,257,1040,NULL,'Déplacements à Rabat Hay Ryad et retour',16,NULL),(911,257,5596,NULL,'Déplacements à Rabat Hay Ryad et retour',NULL,16),(914,258,1040,NULL,'Pourboire servi à l\'électricien',20,NULL),(915,258,5655,NULL,'Pourboire servi à l\'électricien',NULL,20),(916,259,1040,NULL,'Réglement factures tubes orange + accessoires',659,NULL),(917,259,5610,NULL,'Réglement factures tubes orange + accessoires',NULL,659),(918,260,1040,NULL,'Déplacement à témara et retour',10,NULL),(919,260,5596,NULL,'Déplacement à témara et retour',NULL,10),(920,261,1040,NULL,'Déplacement à Rabat Hay Ryad et retour',16,NULL),(921,261,5596,NULL,'Déplacement à Rabat Hay Ryad et retour',NULL,16),(922,262,1040,NULL,'Pourboire servi aux ouvriers du chantier',50,NULL),(923,262,5665,NULL,'Pourboire servi aux ouvriers du chantier',NULL,50),(926,263,1040,NULL,'Achat d\'une carte de recharge jawal',50,NULL),(927,263,5594,NULL,'Achat d\'une carte de recharge jawal',NULL,50),(928,264,1040,NULL,'Pourboire servi à l\'électricien',20,NULL),(929,264,5655,NULL,'Pourboires pour l\'électricien',NULL,20),(930,265,1040,NULL,'2 déplacements à Hay Ryad et retour',16,NULL),(931,265,5596,NULL,'2 déplacements à Hay Ryad et retour',NULL,16),(932,266,1040,NULL,'Déplacement à Rabat Hay Ryad et retour',16,NULL),(933,266,5596,NULL,'Déplacement à Rabat Hay Ryad et retour',NULL,16),(934,267,1040,NULL,'Montant offert aux ouvriers ( Ramadan )',200,NULL),(935,267,5665,NULL,'Montant offert aux ouvriers ( Ramadan )',NULL,200),(936,268,1040,NULL,'Déplacement à Rabat Hay Ryad et retour',16,NULL),(937,268,5596,NULL,'Déplacement à Rabat Hay Ryad et retour',NULL,16),(938,269,1040,NULL,'Déplacement à Rabat Hay Ryad et retour',8,NULL),(939,269,5596,NULL,'Déplacement à Rabat Hay Ryad et retour',NULL,8),(940,270,1040,NULL,'Achat d\'une carte Jawal',50,NULL),(941,270,5594,NULL,'Achat d\'une carte Jawal',NULL,50),(942,271,1040,NULL,'Transport des articles de plomberie de Témara à Hay Ryad',70,NULL),(943,271,5640,NULL,'Transport des articles de plomberie de Témara à Hay Ryad',NULL,70),(944,272,1040,NULL,'Déplacement à Témara et retour',10,NULL),(945,272,5660,NULL,'Déplacement à Témara et retour',NULL,10),(946,273,1040,NULL,'pourboire pour frais de déplacement pour l\'électricien',10,NULL),(947,273,5655,NULL,'pourboire pour frais de déplacement pour l\'électricien',NULL,10),(948,274,1040,NULL,'Déplacement à Rabat Hay Ryad et retour',25,NULL),(949,274,5596,NULL,'Déplacement à Rabat Hay Ryad et retour',NULL,25),(950,275,1040,NULL,'Articles en cuivres et PVC pour installation des conduites pour plomberie',263,NULL),(951,275,5620,NULL,'Articles en cuivres et PVC pour installation des conduites  pour plomberie',NULL,263),(952,276,1040,NULL,'Pourboire pour frais de déplacement du plombier',20,NULL),(953,276,5660,NULL,'Pourboire pour frais de déplacement du plombier',NULL,20),(954,277,1040,NULL,'Déplacement à Témara et retour pour acquisition articles de plomberie',9,NULL),(955,277,5596,NULL,'Déplacement à Témara et retour pour acquisition articles de plomberie',NULL,9),(956,278,1040,NULL,'Déplacement à Rabat Hay Ryad et retour',16,NULL),(957,278,5596,NULL,'Déplacement à Rabat Hay Ryad et retour',NULL,16),(958,279,1040,NULL,'Pourboire pour remboursement frais de déplacement pour l\'électricien',20,NULL),(959,279,5655,NULL,'Pourboire pour remboursement frais de déplacement pour l\'électricien',NULL,20),(960,280,1040,NULL,'Pourboire servi en espèces au plombier et à son ouvrier',40,NULL),(961,280,5660,NULL,'Pourboire servi en espèces au plombier et à son ouvrier',NULL,40),(962,281,1040,NULL,'Somme servie aux ouvriers du chantier ( Ramadan )',200,NULL),(963,281,5665,NULL,'Somme servie aux ouvriers du chantier ( Ramadan )',NULL,200),(964,282,1040,NULL,'Déplacement à Rabat Hay Ryad et retour',24,NULL),(965,282,5596,NULL,'Déplacement à Rabat Hay Ryad et retour',NULL,24),(966,283,1040,NULL,'1er versement effectué en espèces',3000,NULL),(967,283,5574,NULL,'1er versement effectué en espèces',NULL,3000),(968,284,1040,NULL,'Déplacement à Rabat Hay Ryad et retour',16,NULL),(969,284,5596,NULL,'Déplacement à Rabat Hay Ryad et retour',NULL,16),(978,285,1020,NULL,'Achat de denrées alimentaires',30,NULL),(979,285,5005,NULL,'Achat de denrées alimentaires',NULL,30),(982,111,1020,NULL,'Achat de produits alimentaires',410.1,NULL),(983,111,5005,NULL,'Achat de produits alimentaires',NULL,410.1),(984,286,1040,NULL,'Déplacement à Rabat Hay Ryad et retour',9,NULL),(985,286,5596,NULL,'Déplacement à Rabat Hay Ryad et retour',NULL,9),(986,287,1040,NULL,'2ème versement en espèces',3000,NULL),(987,287,5574,NULL,'2ème versement en espèces',NULL,3000),(988,288,1020,NULL,'Achat de denrées alimentaires',5.4,NULL),(989,288,5005,NULL,'Achat de denrées alimentaires',NULL,5.4),(990,35,1010,NULL,'Paiement frais abonnement pour alimentation en eau potable',2094.39,NULL),(991,35,5576,NULL,'Paiement frais abonnement pour alimentation en eau potable',NULL,2094.39),(992,289,1040,NULL,'Frais de branchement et d\'abonnement pour l\'alimentation électricité',3522.29,NULL),(993,289,5576,NULL,'Frais de branchement et d\'abonnement pour l\'alimentation électricité',NULL,3522.29),(998,291,1040,NULL,'Eau et Electricité - Février 2012',231.78,NULL),(999,291,5576,NULL,'Eau et Electricité - Février 2012',NULL,231.78),(1002,292,1040,NULL,'Réglement facture Eau au titre du mois de Mars 2012',271.96,NULL),(1003,292,5576,NULL,'Réglement facture Eau au titre du mois de Mars 2012',NULL,271.96),(1004,293,1040,NULL,'Réglement Factures eau et électricité au titre du mois d\'Avril 2012',259.92,NULL),(1005,293,5576,NULL,'Réglement Factures eau et électricité au titre du mois d\'Avril 2012',NULL,259.92),(1006,294,1040,NULL,'Réglement factures Eau et Electricitéau titre du mois de mai 2012',291.7,NULL),(1007,294,5576,NULL,'Réglement factures Eau et Electricitéau titre du mois de mai 2012',NULL,291.7),(1008,295,1040,NULL,'Réglement factures Eau et Electricité - Juin 2012',164.49,NULL),(1009,295,5576,NULL,'Réglement factures Eau et Electricité - Juin 2012',NULL,164.49),(1010,296,1040,NULL,'Réglement par chèque des factures d\'Eau et d\'Electricité au titre du mois de Juillet 2012',157.22,NULL),(1011,296,5576,NULL,'Réglement par chèque des factures d\'Eau et d\'Electricité au titre du mois de Juillet 2012',NULL,157.22),(1012,57,3020,NULL,'Réajustement de l\'avoir du compte',158637.56,NULL),(1013,57,1040,NULL,'Réajustement de l\'avoir du compte',NULL,158637.56),(1016,298,1010,NULL,'Retrait en espèces',5000,NULL),(1017,298,1040,NULL,'Alimentation du compte',NULL,5000),(1020,299,1040,NULL,'1er Versement en espèces',7000,NULL),(1021,299,5578,NULL,'1er Versement en espèces à Mr Mohamed Zeddouk, ferronnier',NULL,7000),(1022,300,1040,NULL,'Déplacement à Hay Ryad et retour',8,NULL),(1023,300,5596,NULL,'Déplacement à Hay Ryad et retour',NULL,8),(1024,301,1040,NULL,'Pourboire servi aux ouvriers du chantier',50,NULL),(1025,301,5665,NULL,'Pourboire servi aux ouvriers du chantier',NULL,50),(1026,302,1030,NULL,'Achat d\'un allume-feu, rouleau de mesure,skotch PVC, Fiche de prise de courant et de 2 tournevis ',40,NULL),(1027,302,5155,NULL,'Achat d\'un allume-feu, rouleau de mesure,skotch PVC, Fiche de prise de courant et de 2 tournevis ',NULL,40),(1028,303,1020,NULL,'Alimentation générale',488.1,NULL),(1029,303,5005,NULL,'Alimentation générale',NULL,488.1),(1032,305,1020,NULL,'Achat de 3 journaux et d\'un hebdomadaire',21,NULL),(1033,305,5030,NULL,'Achat de 3 journaux et d\'un hebdomadaire',NULL,21),(1034,304,1020,NULL,'Déplacement à Rabat, Salé, Rabat et retour',35,NULL),(1035,304,5020,NULL,'Déplacement à Rabat, Salé, Rabat et retour',NULL,35),(1036,60,4010,NULL,'Virement pension au titre du mois d\'Août 2012',11323.12,NULL),(1037,60,1010,NULL,'Virement pension au titre du mois d\'Août 2012',NULL,11323.12),(1038,297,4010,NULL,'Virement pension au titre du mois de Septembre 2012',11323.12,NULL),(1039,297,1010,NULL,'Virement pension au titre du mois de Septembre 2012',NULL,11323.12),(1040,306,1040,NULL,'Déplacement à Témara et retour',10,NULL),(1041,306,5596,NULL,'Déplacement à Témara et retour',NULL,10),(1042,307,1020,NULL,'Achat de denrées alimentaires',100,NULL),(1043,307,5015,NULL,'Achat de denrées alimentaires',NULL,100),(1044,308,5020,NULL,'Déplacement à Rabat et retour',8,NULL),(1045,308,5020,NULL,'Déplacement à Rabat et retour',NULL,8),(1046,309,1040,NULL,'Déplacement à Rabat Hay Ryad et retour',16,NULL),(1047,309,5596,NULL,'Déplacement à Rabat Hay Ryad et retour',NULL,16),(1048,310,4030,NULL,'Alimentation du compte au titre du mois d\'octobre 2012',3300,NULL),(1049,310,1020,NULL,'Alimentation du compte au titre du mois d\'octobre 2012',NULL,3300),(1050,311,1020,NULL,'Achat de produit alimentaires',49,NULL),(1051,311,5005,NULL,'Achat de produit alimentaires',NULL,49),(1052,312,1040,NULL,'Déplacement à Témara et retour',10,NULL),(1053,312,5596,NULL,'Déplacement à Témara et retour',NULL,10),(1054,313,1030,NULL,'Réparation porte d\'accès au jardin',50,NULL),(1055,313,5268,NULL,'Réparation porte d\'accès au jardin',NULL,50),(1056,314,1030,NULL,'Achat d\'un tube de pommade de 30gr \' Madécassol\'',51.8,NULL),(1057,314,5072,NULL,'Achat d\'un tube de pommade de 30gr \' Madécassol\'',NULL,51.8),(1058,65,1030,NULL,'Coupe de cheveux',40,NULL),(1059,65,5102,NULL,'Coupe de cheveux',NULL,40),(1062,316,1020,NULL,'Déplacement à Rabat et retour',16,NULL),(1063,316,5020,NULL,'Déplacement à Rabat et retour',NULL,16),(1068,319,1030,NULL,'Réparation d\'une télécommande de TV',10,NULL),(1069,319,5270,NULL,'Réparation d\'une télécommande pour TV',NULL,10),(1070,318,1030,NULL,'Achat de 2 télécommandes pour TV',40,NULL),(1071,318,5104,NULL,'Achat de 2 télécommandes pour TV',NULL,40),(1074,321,1030,NULL,'Achat d\'un flacon de collyre compte-goutte',18.5,NULL),(1075,321,5074,NULL,'Achat d\'un flacon de collyre compte-goutte',NULL,18.5),(1076,322,1040,NULL,'Articles pour installation de 2 Paraboles ( 2 socles et deux mécanismes )',160,NULL),(1077,322,5564,NULL,'Articles pour installation de 2 Paraboles ',NULL,160),(1078,323,1040,NULL,'Déplacement à Hay Ryad et retour',8,NULL),(1079,323,5596,NULL,'Déplacement à Hay Ryad et retour',NULL,8),(1082,117,1030,NULL,'Achat de 3 boîtes de Finastérides GT  5 mg',570,NULL),(1083,117,5068,NULL,'Achat de 3 boîtes de Finastérides GT  5 mg',NULL,570),(1084,112,1020,NULL,'Déplacement à Rabat, Salé, Rabat et retour',25,NULL),(1085,112,5020,NULL,'Déplacement à Rabat, Salé, Rabat et retour',NULL,25),(1088,317,1020,NULL,'Achat de 4 journaux et d\'un hebdomadaire',24,NULL),(1089,317,5030,NULL,'Achat de 4 journaux et d\'un hebdomadaire',NULL,24),(1092,315,1020,NULL,'Achat de produits alimentaires',346.8,NULL),(1093,315,5005,NULL,'Achat de produits alimentaires',NULL,346.8),(1094,324,1020,NULL,'Achat de denrées alimentaires',20,NULL),(1095,324,5005,NULL,'Achat de denrées alimentaires',NULL,20),(1096,325,1040,NULL,'Déplacement à Rabat Hay Ryad et retour',16,NULL),(1097,325,5596,NULL,'Déplacement à Rabat Hay Ryad et retour',NULL,16),(1098,326,1040,NULL,'Montant servi à un ouvrier se trouvant seul au chantier',20,NULL),(1099,326,5665,NULL,'Montant servi à un ouvrier se trouvant seul au chantier',NULL,20),(1102,328,1030,NULL,'Déplacement par taxi de Harhoura à Sidi Yahya et retour',20,NULL),(1103,328,5118,NULL,'Déplacement par taxi de Harhour à Sidi Yahya et retour',NULL,20),(1104,327,1030,NULL,'Montant payé pour l\'achat d\'un mouton',1000,NULL),(1105,327,5114,NULL,'Montant payé pour l\'achat d\'un mouton',NULL,1000),(1106,329,1020,NULL,'Respect des engagements pris',93,NULL),(1107,329,5430,NULL,'Respect des engagements pris',NULL,93),(1108,330,1020,NULL,'Alimentation générale',348,NULL),(1109,330,5005,NULL,'Alimentation générale',NULL,348),(1110,331,1020,NULL,'Déplacement à Témara et retour',20,NULL),(1111,331,5020,NULL,'Déplacement à Témara et retour',NULL,20),(1112,332,1040,NULL,'Déplacement à Rabat Hay Ryad et retour',16,NULL),(1113,332,5596,NULL,'Déplacement à Rabat Hay Ryad et retour',NULL,16),(1116,333,1030,NULL,'Achat d\'une boîte de comprimés doliprane à 1gr',14,NULL),(1117,333,5064,NULL,'Achat d\'une boîte de comprimés doliprane à 1gr',NULL,14),(1118,334,1020,NULL,'Alimentation générale',492,NULL),(1119,334,5005,NULL,'Alimentation générale',NULL,492),(1120,335,1020,NULL,'Déplacement à Rabat, Salé, Rabat et retour',45,NULL),(1121,335,5020,NULL,'Déplacement à Rabat, Salé, Rabat et retour',NULL,45),(1122,336,1020,NULL,'Achat de 3journaux et d\'un hebdomadaire',21,NULL),(1123,336,5030,NULL,'Achat de 3journaux et d\'un hebdomadaire',NULL,21),(1126,338,1010,NULL,'Montant retiré en espèces pour faire face aux exceptionnelles de l\'Aïd Al Adha 2012',1000,NULL),(1127,338,1030,NULL,'Montant retiré en espèces pour faire face aux exceptionnelles de l\'Aïd Al Adha 2012',NULL,1000),(1128,339,1040,NULL,'Montant versé en espèces à Mr Mohamed Zeddouk, Féronnier',7000,NULL),(1129,339,5578,NULL,'Montant versé en espèces à Mr Mohamed Zeddouk, Féronnier',NULL,7000),(1130,340,1030,NULL,'Paiement loyer au titre du mois d\'octobre 2012',1035,NULL),(1131,340,5360,NULL,'Paiement loyer au titre du mois d\'octobre 2012',NULL,1035),(1132,341,1030,NULL,'Achat d\'une carte JAWAL',50,NULL),(1133,341,5365,NULL,'Achat d\'une carte JAWAL',NULL,50),(1134,342,1030,NULL,'Achat de 2 sauts pour ablutions',11,NULL),(1135,342,5155,NULL,'Achat de 2 sauts pour ablutions',NULL,11),(1136,343,1030,NULL,'Visite de courtoisie rendue à la femme de Amine Zhiri à l\'occasion d\'un accouchement',17,NULL),(1137,343,5425,NULL,'Visite de courtoisie rendue à la femme de Amine Zhiri à l\'occasion d\'un accouchement',NULL,17),(1138,344,1040,NULL,'2 Déplacements à Hay Ryad et retour ',16,NULL),(1139,344,5596,NULL,'2 Déplacements à Hay Ryad et retour ',NULL,16),(1140,345,1040,NULL,'Pourboire servi au maçon de service',20,NULL),(1141,345,5665,NULL,'Pourboire servi au maçon de service',NULL,20),(1142,337,1010,NULL,'Retrait en espèces pour alimenter le compte à créditer',5000,NULL),(1143,337,1040,NULL,'Montant retiré en espèces pour alimenter le compte crédité',NULL,5000),(1144,346,1030,NULL,'Achat de 2 moules pour gâteaux',4,NULL),(1145,346,5160,NULL,'Achat de 2 moules pour gâteaux',NULL,4),(1146,347,1030,NULL,'Déplacement à Salé et retour',12,NULL),(1147,347,5425,NULL,'Déplacement à Salé et retour',NULL,12),(1148,348,1020,NULL,'Achat de denrées alimentaires',58,NULL),(1149,348,5005,NULL,'Achat de denrées alimentaires',NULL,58),(1150,349,1040,NULL,'Pourboire servi au maçon de service',20,NULL),(1151,349,5665,NULL,'Pourboire servi au maçon de service',NULL,20),(1152,350,1040,NULL,'Montant servi à l\'électricien et à ses 2 ouvriers',60,NULL),(1153,350,5655,NULL,'Montant servi à l\'électricien et à ses 2 ouvriers',NULL,60),(1154,351,1040,NULL,'Déplacement à Rabat Hay Ryad et retour',16,NULL),(1155,351,5596,NULL,'Déplacement à Rabat Hay Ryad et retour',NULL,16),(1158,353,1020,NULL,'Déplacement à Hay Ryad, Témara, Hay Ryad et retour',24,NULL),(1159,353,5020,NULL,'Déplacement à Hay Ryad, Témara, Hay Ryad et retour',NULL,24),(1160,354,1020,NULL,'Achat de 2 journaux et d\'un hebdomadaire',17,NULL),(1161,354,5030,NULL,'Achat de 2 journaux et d\'un hebdomadaire',NULL,17),(1172,360,1040,NULL,'Transport des équipements électriques pour la Villa de Hay Ryad',70,NULL),(1173,360,5640,NULL,'Transport des équipements électriques pour la Villa de Hay Ryad',NULL,70),(1176,362,1040,NULL,'Déplacement à Hay Ryad, Témara, Hay Ryad et retour',16,NULL),(1177,362,5596,NULL,'Déplacement à Hay Ryad, Témara, Hay Ryad et retour',NULL,16),(1178,363,1010,NULL,'Réglement factures Téléphone et Internet au titre du mois de septembre 2012',233,NULL),(1179,363,5365,NULL,'Réglement factures Téléphone et Internet au titre du mois de septembre 2012',NULL,233),(1182,365,1010,NULL,'Réglement factures eau électricité au titre du mois de septembre 2012',326.97,NULL),(1183,365,5380,NULL,'Réglement factures eau électricité au titre du mois de septembre 2012',NULL,326.97),(1184,366,1010,NULL,'Réglement factures eau électricité au titre du mois de septembre 2012',82.68,NULL),(1185,366,5390,NULL,'Réglement factures eau électricité au titre du mois de septembre 2012',NULL,82.68),(1188,79,1040,NULL,'Accessoires électriques',19,NULL),(1189,79,5610,NULL,'Accessoires électriques',NULL,19),(1190,77,1040,NULL,'Coffret 4 files',170,NULL),(1191,77,5610,NULL,'Coffret 4 files',NULL,170),(1192,78,1040,NULL,'Dijoncteur 4 files',580,NULL),(1193,78,5610,NULL,'Dijoncteur 4 files',NULL,580),(1194,290,1040,NULL,'Réglement facture eau au titre du mois de Janvier 2012',64.5,NULL),(1195,290,5576,NULL,'Réglement facture eau au titre du mois de Janvier 2012',NULL,64.5),(1196,367,4020,NULL,'Remboursement des soins médicaux',125,NULL),(1197,367,1010,NULL,'Remboursement des soins médicaux',NULL,125),(1198,368,1040,NULL,'Pourboire servi à l\'électricien et à ses ouvriers',50,NULL),(1199,368,5655,NULL,'Pourboire servi à l\'électricien et à ses ouvriers',NULL,50),(1200,369,4020,NULL,'Remboursement sur frais médicaux engagés ( Dossier de 770,00 dh )',125,NULL),(1201,369,1010,NULL,'Remboursement sur frais médicaux engagés ( Dossier de 770,00 dh )',NULL,125),(1202,370,1040,NULL,'Déplacemement à Rabat Hay Ryad et retour',16,NULL),(1203,370,5596,NULL,'Déplacemement à Rabat Hay Ryad et retour',NULL,16),(1204,364,1010,NULL,'Réglement factures eau électricité au titre du mois de septembre 2012',556.12,NULL),(1205,364,5576,NULL,'Réglement factures eau électricité au titre du mois de septembre 2012',NULL,556.12),(1206,371,1040,NULL,'Déplacement à Hay Ryad et Retour',8,NULL),(1207,371,5596,NULL,'Déplacement à Hay Ryad et Retour',NULL,8),(1208,355,1030,NULL,'Participation à une céromonie de baptême de la fille de Amine Zhiri',62,NULL),(1209,355,5425,NULL,'Participation à une céromonie de baptême de la fille de Amine Zhiri',NULL,62),(1210,372,1030,NULL,'Réparation fenêtre-porte d\'accès au jardin du villa Harhoura',100,NULL),(1211,372,5268,NULL,'Réparation fenêtre-porte d\'accès au jardin du villa Harhoura',NULL,100),(1214,374,1020,NULL,'Achat de denrées alimentaires',17,NULL),(1215,374,5010,NULL,'Achat de denrées alimentaires',NULL,17),(1216,352,1020,NULL,'Alimentation générale',172,NULL),(1217,352,5005,NULL,'Alimentation générale',NULL,172),(1224,378,1010,NULL,'Retrait de fonds en espèces à mon profit',7000,NULL),(1225,378,1040,NULL,'Alimentation du compte',NULL,7000),(1226,379,1040,NULL,'Somme versée en main propre et en espèces',2500,NULL),(1227,379,5572,NULL,'Somme versée en main propre et en espèces',NULL,2500),(1228,380,1040,NULL,'Somme versée en main propre et en espèces',7000,NULL),(1229,380,5578,NULL,'Somme versée en main propre et en espèces',NULL,7000),(1230,381,1040,NULL,'Déplacement à Rabat Hay Ryad et retour',16,NULL),(1231,381,5596,NULL,'Déplacement à Rabat Hay Ryad et retour',NULL,16),(1232,382,1040,NULL,'Pourboire servi au maçon Saïd',20,NULL),(1233,382,5665,NULL,'Pourboire servi au maçon Saïd',NULL,20),(1234,383,1020,NULL,'Achat d\'un journal',4,NULL),(1235,383,5030,NULL,'Achat d\'un journal',NULL,4),(1236,377,1020,NULL,'Achat de produits alimentaires',224.6,NULL),(1237,377,5005,NULL,'Achat de produits alimentaires',NULL,224.6),(1246,386,1020,NULL,'Achat d\'un journal',4,NULL),(1247,386,5030,NULL,'Achat d\'un journal',NULL,4),(1248,387,1030,NULL,'Achat d\'un brûleur de butane',40,NULL),(1249,387,5160,NULL,'Achat d\'un brûleur de butane',NULL,40),(1250,388,1030,NULL,'Achat de 4 kg d\'engrais composé',20,NULL),(1251,388,5206,NULL,'Achat de 4 kg d\'engrais composé',NULL,20),(1256,390,1040,NULL,'Déplacement à Hay ryad, Témara et retour',13,NULL),(1257,390,5596,NULL,'Déplacement à Hay ryad, Témara et retour',NULL,13),(1258,391,1040,NULL,'Achat de 2 cartes jawal',100,NULL),(1259,391,5594,NULL,'Achat de 2 cartes jawal',NULL,100),(1260,385,1020,NULL,'Déplacement à Rabat, Salé, Rabat et retour',37,NULL),(1261,385,5020,NULL,'Déplacement à Rabat, Salé, Rabat et retour',NULL,37),(1262,392,1020,NULL,'Achat de produits alimentaires',28,NULL),(1263,392,5010,NULL,'Achat de produits alimentaires',NULL,28),(1264,393,1020,NULL,'Achat de 2 journaux et d\'un hebdomadaire',17,NULL),(1265,393,5030,NULL,'Achat de 2 journaux et d\'un hebdomadaire',NULL,17),(1266,384,1020,NULL,'Alimentation générale',616.1,NULL),(1267,384,5005,NULL,'Alimentation générale',NULL,616.1),(1268,394,1020,NULL,'Achat de produits alimentaires',129.5,NULL),(1269,394,5005,NULL,'Achat de produits alimentaires',NULL,129.5),(1270,395,1020,NULL,'Déplacement à Hay ryad et retour',8,NULL),(1271,395,5020,NULL,'Déplacement à Hay ryad et retour',NULL,8),(1272,396,1040,NULL,'Déplacement à témara et retour',9,NULL),(1273,396,5596,NULL,'Déplacement à témara et retour',NULL,9),(1274,397,1020,NULL,'Alimentation générale',360,NULL),(1275,397,5005,NULL,'Alimentation générale',NULL,360),(1276,398,1020,NULL,'Déplacement à Témara et retour',20,NULL),(1277,398,5020,NULL,'Déplacement à Témara et retour',NULL,20),(1278,399,1030,NULL,'Somme servie au gardien Ali pour services rendus',20,NULL),(1279,399,5538,NULL,'Somme servie au gardien Ali pour services rendus',NULL,20),(1280,373,1030,NULL,'Contribution aux frais de gardiennage du quartier Ibn Khaldoune au titre des mois de septembre et Octobre 2012',200,NULL),(1281,373,5538,NULL,'Contribution aux frais de gardiennage du quartier Ibn Khaldoune au titre des mois de septembre et Octobre 2012',NULL,200),(1282,400,1040,NULL,'Déplacement à Rabat Hay Ryad et retour',12,NULL),(1283,400,5596,NULL,'Déplacement à Rabat Hay Ryad et retour',NULL,12),(1284,401,1020,NULL,'Achat d\'un journal',4,NULL),(1285,401,5030,NULL,'Achat d\'un journal',NULL,4),(1286,402,1020,NULL,'Achat de 2 butanes de gaz PM et MM',53,NULL),(1287,402,5010,NULL,'Achat de 2 butanes de gaz PM et MM',NULL,53),(1288,403,1020,NULL,'Pourboire servi au livreur à domicile de butane à gaz',5,NULL),(1289,403,5010,NULL,'Pourboire servi au livreur à domicile de butane à gaz',NULL,5),(1290,404,1030,NULL,'Complément du prix d\'achat d\'un mouton',1100,NULL),(1291,404,5114,NULL,'Complément du prix d\'achat d\'un mouton',NULL,1100),(1294,406,1030,NULL,'Aliment pour bétail',14,NULL),(1295,406,5122,NULL,'Aliment pour bétail',NULL,14),(1296,407,1030,NULL,'contribution aux frais de transport par véhicule d\'un tiers',50,NULL),(1297,407,5118,NULL,'contribution aux frais de transport par véhicule d\'un tiers',NULL,50),(1298,408,1030,NULL,'Déplacement à Témara et Sidi Yahya',10,NULL),(1299,408,5118,NULL,'Déplacement à Témara et Sidi Yahya',NULL,10),(1302,389,1030,NULL,'Coupe de cheveux',40,NULL),(1303,389,5102,NULL,'Coupe de cheveux',NULL,40),(1304,359,1030,NULL,'Achat d\'une chemise cartonnée',1,NULL),(1305,359,5106,NULL,'Achat d\'une chemise cartonnée',NULL,1),(1306,356,1030,NULL,'Demande de passeport',10,NULL),(1307,356,5106,NULL,'Demande de passeport',NULL,10),(1308,357,1030,NULL,'Achat d\'un timbre de quittance  éxigé pour l\'obtention du passeport',300,NULL),(1309,357,5106,NULL,'Achat d\'un timbre de quittance  éxigé pour l\'obtention du passeport',NULL,300),(1310,358,1030,NULL,'Photocopies de pièces administratives et de la CIN',6,NULL),(1311,358,5106,NULL,'Photocopies de pièces administratives et de la CIN',NULL,6),(1312,405,1030,NULL,'Pourboire servi à l\'aide du marchand de bétail pour livraison  du mouton',10,NULL),(1313,405,5120,NULL,'Pourboire servi à l\'aide du marchand de bétail pour livraison  du mouton',NULL,10),(1314,409,1030,NULL,'Frais d\'abattage de 2 moutons ',300,NULL),(1315,409,5124,NULL,'Frais d\'abattage de 2 moutons ',NULL,300),(1318,411,1020,NULL,'Exécution opération de viande hachée',20,NULL),(1319,411,5010,NULL,'Exécution opération de viande hachée',NULL,20),(1320,410,1030,NULL,'Frais de dépelage de 2 têtes et de 6pattes de 2 moutons ( tachouite rass )',50,NULL),(1321,410,5120,NULL,'Frais de dépelage de 2 têtes et de 6pattes de 2 moutons ( tachouite rass )',NULL,50),(1324,413,1030,NULL,'Achat de comprimés Dolipranne à 1000 mgrs',14,NULL),(1325,413,5064,NULL,'Achat de comprimés Dolipranne à 1000 mgrs',NULL,14),(1326,414,1020,NULL,'Respect des engagements pris',90,NULL),(1327,414,5430,NULL,'Respect des engagements pris',NULL,90),(1330,416,4030,NULL,'Contribution au budget familial au titre du mois de novembre 2012',2500,NULL),(1331,416,1030,NULL,'Contribution au budget familial au titre du mois de novembre 2012',NULL,2500),(1332,415,4030,NULL,'Contribution au budget familial au titre du mois de novembre 2012',3300,NULL),(1333,415,1020,NULL,'Contribution au budget familial au titre du mois de novembre 2012',NULL,3300),(1336,418,1020,NULL,'Déplacement à Rabat et retour',16,NULL),(1337,418,5020,NULL,'Déplacement à Rabat et retour',NULL,16),(1338,419,1020,NULL,'Achat de 3 journaux et d\'un hebdomadaire',21,NULL),(1339,419,5030,NULL,'Achat de 3 journaux et d\'un hebdomadaire',NULL,21),(1344,412,1030,NULL,'Achat d\'une boîte de colchicine',25,NULL),(1345,412,5070,NULL,'Achat d\'une boîte de colchicine',NULL,25),(1346,320,1030,NULL,'Achat d\'une boîte de Visioprev Duo',290,NULL),(1347,320,5082,NULL,'Achat d\'une boîte de Visioprev DUO',NULL,290),(1348,376,1030,NULL,'Achat d\'un tube de dentifrice médicale',20.2,NULL),(1349,376,5084,NULL,'Achat d\'un tube de dentifrice médicale',NULL,20.2),(1350,420,1030,NULL,'Achat d\'un tube de dentifrice',20.2,NULL),(1351,420,5084,NULL,'Achat d\'un tube de dentifrice',NULL,20.2),(1352,417,1020,NULL,'Achat de produits alimentaires variés',676.1,NULL),(1353,417,5005,NULL,'Achat de produits alimentaires variés',NULL,676.1),(1354,421,1030,NULL,'Achat d\'un lot de 6 paires de chaussettes',49.9,NULL),(1355,421,5302,NULL,'Achat d\'un lot de 6 paires de chaussettes',NULL,49.9),(1356,422,1030,NULL,'Achat d\'une boîte de doliprane',14,NULL),(1357,422,5064,NULL,'Achat d\'une boîte de doliprane',NULL,14),(1358,423,1030,NULL,'Paiement loyer au titre du mois de novembre 2012',1035,NULL),(1359,423,5360,NULL,'Paiement loyer au titre du mois de novembre 2012',NULL,1035),(1360,424,1030,NULL,'Tirage d\'un document pour demander un visa d\'entrer en Arabie Saoudite',3,NULL),(1361,424,5106,NULL,'Tirage d\'un document pour demander un visa d\'entrer en Arabie Saoudite',NULL,3),(1362,425,1030,NULL,'Zyarate moujamala à l\'occasion du retour du pelerinage de Mr Abdellatif Zhiri',23,NULL),(1363,425,5425,NULL,'Zyarate moujamala à l\'occasion du retour du pelerinage de Mr Abdellatif Zhiri',NULL,23),(1364,426,1030,NULL,'Zyarate attaazya, à Rabat, pour Abdelkader Houir Alami à l\'occasion du décès de sa femme ',12,NULL),(1365,426,5420,NULL,'Zyarate attaazya, à Rabat, pour Abdelkader Houir Alami à l\'occasion du décès de sa femme ',NULL,12),(1366,427,1030,NULL,'Achat d\'un brûleur pour bouteille de gaz PM',50,NULL),(1367,427,5160,NULL,'Achat d\'un brûleur pour bouteille de gaz PM',NULL,50),(1368,428,1040,NULL,'Somme versèe au gardien de chantier d\'une villa en construction suite à une communication téléphonique',500,NULL),(1369,428,5575,NULL,'Somme versèe au gardien de chantier d\'une villa en construction suite à une communication téléphonique',NULL,500),(1370,429,1040,NULL,'3 déplacements à Hay Ryad et retour',36,NULL),(1371,429,5596,NULL,'3 déplacements à Hay Ryad et retour',NULL,36),(1372,430,1020,NULL,'Achat de denrées alimentaires',10,NULL),(1373,430,5005,NULL,'Achat de denrées alimentaires',NULL,10),(1374,431,1040,NULL,'Déplacement à Rabat Hay Ryad et retour',16,NULL),(1375,431,5596,NULL,'Déplacement à Rabat Hay Ryad et retour',NULL,16),(1378,433,1020,NULL,'Déplacements à Rabat, Salé, Rabat, Témara, Rabat et retour',44,NULL),(1379,433,5020,NULL,'Déplacements à Rabat, Salé, Rabat, Témara, Rabat et retour',NULL,44),(1380,434,1020,NULL,'Achat de 2 journaux et d\'un hebdomadaire',17,NULL),(1381,434,5030,NULL,'Achat de 2 journaux et d\'un hebdomadaire',NULL,17),(1382,435,1030,NULL,'Repassage d\'un pantalon',5,NULL),(1383,435,5540,NULL,'Repassage d\'un pantalon',NULL,5),(1384,436,1030,NULL,'Contribution aux frais de gardiennage du quartier Ibn Khaldoune-Harhoura au titre du mois de Novembre 2012',100,NULL),(1385,436,5538,NULL,'Contribution aux frais de gardiennage du quartier Ibn Khaldoune-Harhoura au titre du mois de Novembre 2012',NULL,100),(1386,437,1030,NULL,'Complément honoraires payé par AMINA',10,NULL),(1387,437,5056,NULL,'Complément honoraires payé par AMINA',NULL,10),(1388,432,1020,NULL,'Achat de produits alimentaires divers',138.4,NULL),(1389,432,5005,NULL,'Achat de produits alimentaires divers',NULL,138.4),(1390,438,1020,NULL,'Achat de produits alimentaires',100,NULL),(1391,438,5005,NULL,'Achat de produits alimentaires',NULL,100),(1392,439,1030,NULL,'Souabe azzyarates',20,NULL),(1393,439,5425,NULL,'Souabe azzyarates',NULL,20),(1394,440,1020,NULL,'Achats de denrées alimentaires',18,NULL),(1395,440,5005,NULL,'Achats de denrées alimentaires',NULL,18),(1396,441,1040,NULL,'Déplacement à Rabat Hay Ryad et retour',16,NULL),(1397,441,5596,NULL,'Déplacement à Rabat Hay Ryad et retour',NULL,16),(1398,442,1010,NULL,'Réglement factures téléphone et Internet',233,NULL),(1399,442,5365,NULL,'Réglement factures téléphone et Internet',NULL,233),(1400,443,1010,NULL,'Réglement factures Eau et Electricité au titre du mois d\'octobre 2012',395.34,NULL),(1401,443,5380,NULL,'Réglement factures Eau et Electricité au titre du mois d\'octobre 2012',NULL,395.34),(1402,444,1010,NULL,'Réglement factures Eau et Electricité au titre du mois d\'octobre 2012',67.54,NULL),(1403,444,5390,NULL,'Réglement factures Eau et Electricité au titre du mois d\'octobre 2012',NULL,67.54),(1404,445,1010,NULL,'Réglement factures Eau et Electricité au titre du mois d\'octobre 2012',159.46,NULL),(1405,445,5576,NULL,'Réglement factures Eau et Electricité au titre du mois d\'octobre 2012',NULL,159.46),(1406,375,4010,NULL,'Virement pension CMR au titre du mois d\'Octobre 2012 ',11323.12,NULL),(1407,375,1010,NULL,'Virement pension CMR au titre du mois d\'Octobre 2012 ',NULL,11323.12),(1408,361,1010,NULL,'Acquisition des équipements électriques pour la villa de Hay Ryad',11949,NULL),(1409,361,5610,NULL,'Acquisition des équipements électriques pour la villa de Hay Ryad',NULL,11949),(1414,448,1020,NULL,'Déplacement à Rabat, Salé, Rabat et retour',44,NULL),(1415,448,5020,NULL,'Déplacement à Rabat, Salé, Rabat et retour',NULL,44),(1416,449,1020,NULL,'Achat de 4 journaux et d\'un hebdomadaire',24,NULL),(1417,449,5030,NULL,'Achat de 4 journaux et d\'un hebdomadaire',NULL,24),(1418,450,1040,NULL,'Déplacement à Hay Ryad et retour',8,NULL),(1419,450,5596,NULL,'Déplacement à Hay Ryad et retour',NULL,8),(1420,447,1020,NULL,'alimentation générale',268.1,NULL),(1421,447,5005,NULL,'alimentation générale',NULL,268.1),(1422,451,1030,NULL,'Visite rendue àmme Ftima épouse de feu mon oncle parternel à l\'occasion de son retour de la mecque',25,NULL),(1423,451,5425,NULL,'Visite rendue àmme Ftima épouse de feu mon oncle parternel à l\'occasion de son retour de la mecque',NULL,25),(1424,452,1020,NULL,'Alimentation générale',301.5,NULL),(1425,452,5005,NULL,'Alimentation générale',NULL,301.5),(1426,453,1020,NULL,'Déplacement à Témara et retour',30,NULL),(1427,453,5020,NULL,'Déplacement à Témara et retour',NULL,30),(1428,454,1040,NULL,'Déplacement à Rabat Hay Ryad et retour',16,NULL),(1429,454,5596,NULL,'Déplacement à Rabat Hay Ryad et retour',NULL,16),(1430,455,2010,NULL,'Virement esterne d\'Arabie Saoudite',31764.61,NULL),(1431,455,1010,NULL,'Virement esterne d\'Arabie Saoudite',NULL,31764.61),(1432,456,4010,NULL,'Virement pension au titre du mois de Novembre 2012',11323.12,NULL),(1433,456,1010,NULL,'Virement pension au titre du mois de Novembre 2012',NULL,11323.12),(1436,457,1010,NULL,'Prélèvement d\'office au profit de la SGMB',125,NULL),(1437,457,5455,NULL,'Prélèvement d\'office au profit de la SGMB',NULL,125),(1440,459,1020,NULL,'Déplacement à Rabat et retour',12,NULL),(1441,459,5020,NULL,'Déplacement à Rabat et retour',NULL,12),(1442,460,1020,NULL,'Achat de 3 journaux et d\'un hebdomadaire',21,NULL),(1443,460,5030,NULL,'Achat de 3 journaux et d\'un hebdomadaire',NULL,21),(1444,461,1030,NULL,'Remplacement glissière du portable de Med Elamrani',130,NULL),(1445,461,5264,NULL,'Remplacement glissière du portable de Med Elamrani',NULL,130),(1448,463,1040,NULL,'Déplacement à Hay Ryad et retour',8,NULL),(1449,463,5596,NULL,'Déplacement à Hay Ryad et retour',NULL,8),(1450,446,1010,NULL,'frais de tenue de compte au titre du 3ème trimestre 2012',49.5,NULL),(1451,446,5460,NULL,'frais de tenue de compte au titre du 3ème trimestre 2012',NULL,49.5),(1452,464,1010,NULL,'Retrait de fonds en espèces',10000,NULL),(1453,464,1040,NULL,'Alimentation du compte en espèces',NULL,10000),(1454,465,4030,NULL,'Contribution mensuelle au budget familial au titre du mois de Décembre 2012',3300,NULL),(1455,465,1020,NULL,'Contribution mensuelle au budget familial au titre du mois de Décembre 2012',NULL,3300),(1456,466,4030,NULL,'Contribution mensuelle au budget familial au titre du mois de Décembre 2012',2500,NULL),(1457,466,1030,NULL,'Contribution mensuelle au budget familial au titre du mois de Décembre 2012',NULL,2500),(1460,467,1030,NULL,'Achat d\'une boîte de Doliprane',14,NULL),(1461,467,5064,NULL,'Achat d\'une boîte de Doliprane',NULL,14),(1462,468,1030,NULL,'Achat d\'un tube de dentifrice',20.2,NULL),(1463,468,5084,NULL,'Achat d\'un tube de dentifrice',NULL,20.2),(1464,458,1020,NULL,'Alimentation générale',431.2,NULL),(1465,458,5005,NULL,'Alimentation générale',NULL,431.2),(1466,469,1020,NULL,'Achat de produits alimentaires',135,NULL),(1467,469,5005,NULL,'Achat de produits alimentaires',NULL,135),(1468,470,1040,NULL,'Déplacement à Rabat Hay Ryad et retour',16,NULL),(1469,470,5596,NULL,'Déplacement à Rabat Hay Ryad et retour',NULL,16),(1470,471,1020,NULL,'Achat d\'un journal',4,NULL),(1471,471,5030,NULL,'Achat d\'un journal',NULL,4),(1472,472,1020,NULL,'Achat de denrées alimentaires et d\'une bombone de gaz MM',62,NULL),(1473,472,5010,NULL,'Achat de denrées alimentaires et d\'une bombone de gaz MM',NULL,62),(1474,473,1020,NULL,'Frais de livrason à domicile d\'une bombone de gaz',5,NULL),(1475,473,5010,NULL,'Frais de livrason à domicile d\'une bombone de gaz',NULL,5),(1476,474,1020,NULL,'Alimentation générale',148,NULL),(1477,474,5005,NULL,'Alimentation générale',NULL,148),(1478,475,1020,NULL,'Déplacement à Rabat et retour',16,NULL),(1479,475,5020,NULL,'Déplacement à Rabat et retour',NULL,16),(1480,476,1020,NULL,'Achat de 2 journaux et d\'un hebdomadaire',17,NULL),(1481,476,5030,NULL,'Achat de 2 journaux et d\'un hebdomadaire',NULL,17),(1482,462,1030,NULL,'Avance sur montant dû au cordonnier',20,NULL),(1483,462,5252,NULL,'Avance sur montant dû au cordonnier',NULL,20),(1484,477,1030,NULL,'Réglement complément montant dû au cordonnier',15,NULL),(1485,477,5272,NULL,'Réglement complément montant dû au cordonnier',NULL,15),(1486,478,1030,NULL,'Contribution aux frais d\'un repas collectif offert à l\'occasion du décès de feu Mourad Chbani',100,NULL),(1487,478,5425,NULL,'Contribution aux frais d\'un repas collectif offert à l\'occasion du décès de feu Mourad Chbani',NULL,100),(1488,479,1010,NULL,'Retrait en espèces pour alimenter le compte des fonds disponibles',5000,NULL),(1489,479,1040,NULL,'Retrait en espèces pour alimenter le compte des fonds disponibles',NULL,5000),(1490,480,1020,NULL,'Respect des engagements pris',93,NULL),(1491,480,5430,NULL,'Respect des engagements pris',NULL,93),(1492,481,1020,NULL,'Alimentation générale',448,NULL),(1493,481,5005,NULL,'Alimentation générale',NULL,448),(1494,482,1020,NULL,'Déplacement à Rabat et retour',42,NULL),(1495,482,5020,NULL,'Déplacement à Rabat et retour',NULL,42),(1496,483,1020,NULL,'Achat de 3 journaux et d\'un hebdomadaire',21,NULL),(1497,483,5030,NULL,'Achat de 3 journaux et d\'un hebdomadaire',NULL,21),(1500,484,1040,NULL,'Achat d\'articles et de produits nécessaires pour la réalisation des structures de la cheminée',900,NULL),(1501,484,5630,NULL,'Achat d\'articles et de produits nécessaires pour la réalisation des structures de la cheminée',NULL,900),(1502,485,1040,NULL,'Transport des produits et articles acquis pour la cheminée',80,NULL),(1503,485,5640,NULL,'Transport des produits et articles acquis pour la cheminée',NULL,80),(1504,486,1040,NULL,'Somme versée à maître exécutant des travaux de réalisation de la cheminée',20,NULL),(1505,486,5670,NULL,'Somme versée à maître exécutant des travaux de réalisation de la cheminée',NULL,20),(1506,487,1040,NULL,'Déplacements à Hay Ryad, Témara,Hay Ryad  et retour',20,NULL),(1507,487,5596,NULL,'Déplacements à Hay Ryad, Témara,Hay Ryad  et retour',NULL,20),(1508,488,1040,NULL,'Achat d\'une carte JAWAL',50,NULL),(1509,488,5594,NULL,'Achat d\'une carte JAWAL',NULL,50),(1510,489,1040,NULL,'Achat d\' 1/2 litre dhuile de table pour les intervenats dans la réalisation de la cheminée',8.2,NULL),(1511,489,5670,NULL,'Achat d\' 1/2 litre dhuile de table pour les intervenats dans la réalisation de la cheminée',NULL,8.2),(1512,490,1040,NULL,'1er Versement effectué en espèces et en main propre à Mr Lahcen El Moudden, cheminée',1000,NULL),(1513,490,5580,NULL,'1er Versement effectué en espèces et en main propre à Mr Lahcen El Moudden, cheminée',NULL,1000),(1514,491,1040,NULL,'Achat de tuyaux en fer galvanisé pour évacuation des eaux de pluie des balcons',302,NULL),(1515,491,5620,NULL,'Achat de tuyaux en fer galvanisé pour évacuation des eaux de pluie des balcons',NULL,302),(1516,492,1040,NULL,'Pourboire servi au plombier',28,NULL),(1517,492,5660,NULL,'Pourboire servi au plombier',NULL,28),(1518,493,1030,NULL,'Achat d\'une boîte de VisioPrev Duo',290,NULL),(1519,493,5082,NULL,'Achat d\'une boîte de VisioPrev Duo',NULL,290),(1520,494,1030,NULL,'Achat d\'une boîte de comprimés Doliprane',14,NULL),(1521,494,5064,NULL,'Achat d\'une boîte de comprimés Doliprane',NULL,14),(1522,495,1030,NULL,'Achat de 2 cartes JAWAL',100,NULL),(1523,495,5524,NULL,'Achat de 2 cartes JAWAL',NULL,100),(1524,496,1030,NULL,'Frais pour douche bain maure au profit de Amina',20,NULL),(1525,496,5534,NULL,'Frais pour douche bain maure au profit de Amina',NULL,20),(1526,497,1030,NULL,'Visite de courtoisie à l\'occasion d\'une opération chirurgicale subie par Mr Abderrahmane Ettaleb, Tacheron',54.3,NULL),(1527,497,5425,NULL,'Visite de courtoisie à l\'occasion d\'une opération chirurgicale subie par Mr Abderrahmane Ettaleb, Tacheron',NULL,54.3),(1530,498,1010,NULL,'Retrait espèces pour alimenter le compte fonds disponibles',5000,NULL),(1531,498,1040,NULL,'Retrait espèces pour alimenter le compte fonds disponibles',NULL,5000),(1532,499,1020,NULL,'Achat de denrées alimentaires',20,NULL),(1533,499,5005,NULL,'Achat de denrées alimentaires',NULL,20),(1534,500,1040,NULL,'Déplacement à Rabat Hay Ryad et retour',16,NULL),(1535,500,5596,NULL,'Déplacement à Rabat Hay Ryad et retour',NULL,16),(1536,501,1020,NULL,'Achat d\'un kg de mandarines',6,NULL),(1537,501,5005,NULL,'Achat d\'un kg de mandarines',NULL,6),(1538,502,1020,NULL,'Déplacement à Rabat, Salé, Rabat et retour',30,NULL),(1539,502,5020,NULL,'Déplacement à Rabat, Salé, Rabat et retour',NULL,30),(1540,503,1030,NULL,'Réglement contribution au titre du mois de Décembre 2012',100,NULL),(1541,503,5522,NULL,'Réglement contribution au titre du mois de Décembre 2012',NULL,100),(1542,504,1010,NULL,'Retrait espèces',5000,NULL),(1543,504,1040,NULL,'Alimentation du compte',NULL,5000),(1544,505,1040,NULL,'Déplacements à Hay Ryad et retour',16,NULL),(1545,505,5596,NULL,'Déplacements à Hay Ryad et retour',NULL,16),(1548,506,1040,NULL,'Pourboire servi à Lahcen Elmoudden, spécialiste cheminée',20,NULL),(1549,506,5670,NULL,'Pourboire servi à Lahcen Elmoudden, spécialiste cheminée',NULL,20),(1550,507,1030,NULL,'2 Photocopie de certificat de vie pour CMR',1,NULL),(1551,507,5132,NULL,'2 Photocopie de certificat de vie pour CMR',NULL,1),(1552,508,1030,NULL,'Contrôle du volume de la prostate : résultat 28',200,NULL),(1553,508,5054,NULL,'Contrôle du volume de la prostate : résultat 28',NULL,200),(1554,509,1030,NULL,'Achat de 3 boîtes de comprimés Finastéride GT 5mg',570,NULL),(1555,509,5068,NULL,'Achat de 3 boîtes de comprimés Finastéride GT 5mg',NULL,570),(1556,510,1030,NULL,'Réglement loyer appt de Rabat au titre du mois de Décembre 2012',1035,NULL),(1557,510,5360,NULL,'Réglement loyer appt de Rabat au titre du mois de Décembre 2012',NULL,1035),(1560,512,1020,NULL,'Déplacement à Rabat, Salé tabriquette, Rabat, Salé Aljadida, Rabat et retour',46,NULL),(1561,512,5020,NULL,'Déplacement à Rabat, Salé tabriquette, Rabat, Salé Aljadida, Rabat et retour',NULL,46),(1562,513,1020,NULL,'Achat de 4 journaux et d\'un hebdomadaire',25,NULL),(1563,513,5030,NULL,'Achat de 4 journaux et d\'un hebdomadaire',NULL,25),(1564,514,1010,NULL,'Réglement factures Téléphone + Internet - Mois de Novembre 2012',183,NULL),(1565,514,5365,NULL,'Réglement factures Téléphone + Internet - Mois de Novembre 2012',NULL,183),(1566,515,1010,NULL,'Réglement facture Eau et électricité - Mois de novembre 2012',68.46,NULL),(1567,515,5390,NULL,'Réglement facture Eau et électricité - Mois de novembre 2012',NULL,68.46),(1568,516,1010,NULL,'Réglement facture Eau et électricité - Mois de novembre 2012',311.41,NULL),(1569,516,5380,NULL,'Réglement facture Eau et électricité - Mois de novembre 2012',NULL,311.41),(1570,517,1010,NULL,'Réglement facture Eau et électricité - Mois de novembre 2012',35.04,NULL),(1571,517,5576,NULL,'Réglement facture Eau et électricité - Mois de novembre 2012',NULL,35.04),(1572,518,1040,NULL,'Déplacement à Témara et retour',10,NULL),(1573,518,5596,NULL,'Déplacement à Témara et retour',NULL,10),(1574,519,1030,NULL,'Remplacement d\'un robinet et d\'un filtre à eau',80,NULL),(1575,519,5268,NULL,'Remplacement d\'un robinet et d\'un filtre à eau',NULL,80),(1576,520,1040,NULL,'Achat de 2 filtre à eau au niveau de la terrasse ( CHabca de stah )',10,NULL),(1577,520,5620,NULL,'Achat de 2 filtre à eau au niveau de la terrasse ( CHabca de stah )',NULL,10),(1578,511,1020,NULL,'Alimentation générale',341.4,NULL),(1579,511,5005,NULL,'Alimentation générale',NULL,341.4),(1580,521,1020,NULL,'Achat de denrées alimentaires',20,NULL),(1581,521,5010,NULL,'Achat de denrées alimentaires',NULL,20);
/*!40000 ALTER TABLE `contenu_transaction` ENABLE KEYS */;
UNLOCK TABLES;

--
-- Table structure for table `partenaire`
--

DROP TABLE IF EXISTS `partenaire`;
/*!40101 SET @saved_cs_client     = @@character_set_client */;
/*!40101 SET character_set_client = utf8 */;
CREATE TABLE `partenaire` (
  `id` int(11) NOT NULL AUTO_INCREMENT,
  `nom` varchar(150) NOT NULL,
  `adresse` varchar(250) DEFAULT NULL,
  `tel1` varchar(150) DEFAULT NULL,
  `tel2` varchar(150) DEFAULT NULL,
  `web` varchar(250) DEFAULT NULL,
  `email` varchar(250) DEFAULT NULL,
  `assistant` varchar(150) DEFAULT NULL,
  `fonction` varchar(150) DEFAULT NULL,
  `tel_assistant` varchar(150) DEFAULT NULL,
  `afficher` tinyint(1) NOT NULL DEFAULT '1',
  PRIMARY KEY (`id`),
  UNIQUE KEY `nom_UNIQUE` (`nom`)
) ENGINE=InnoDB AUTO_INCREMENT=79 DEFAULT CHARSET=utf8;
/*!40101 SET character_set_client = @saved_cs_client */;

--
-- Dumping data for table `partenaire`
--

LOCK TABLES `partenaire` WRITE;
/*!40000 ALTER TABLE `partenaire` DISABLE KEYS */;
INSERT INTO `partenaire` VALUES (1,'Aswak Salam',NULL,NULL,NULL,NULL,NULL,NULL,NULL,NULL,1),(2,'Marchand de Journaux',NULL,NULL,NULL,NULL,NULL,NULL,NULL,NULL,1),(4,'Vendeur de Propane',NULL,NULL,NULL,NULL,NULL,NULL,NULL,NULL,1),(5,'Divers',NULL,NULL,NULL,NULL,NULL,NULL,NULL,NULL,1),(7,'Divers Transporteurs',NULL,NULL,NULL,NULL,NULL,NULL,NULL,NULL,1),(9,'Electricien',NULL,NULL,NULL,NULL,NULL,NULL,NULL,NULL,1),(12,'Blanchisserie',NULL,NULL,NULL,NULL,NULL,NULL,NULL,NULL,1),(13,'Gardiennage Harhoura',NULL,NULL,NULL,NULL,NULL,NULL,NULL,NULL,1),(14,'Coiffeur',NULL,NULL,NULL,NULL,NULL,NULL,NULL,NULL,1),(17,'Redal','Rabat','\'ALLO REDAL\' : 05 37 20 20 80 ---\'REDAL Dépannage\' : 05 37 26 00 26',NULL,NULL,NULL,NULL,NULL,NULL,1),(18,'Mohamed Yassine Elamrani',NULL,NULL,NULL,NULL,NULL,NULL,NULL,NULL,1),(20,'Pharmacie \' Al Balsem\'','Rue Oued Al Makhazine - Harhoura',NULL,NULL,NULL,NULL,NULL,NULL,NULL,1),(21,'Commerçant habilleur',NULL,NULL,NULL,NULL,NULL,NULL,NULL,NULL,1),(22,'Electro-ménagerménagers',NULL,NULL,NULL,NULL,NULL,NULL,NULL,NULL,1),(23,'ONCF',NULL,NULL,NULL,NULL,NULL,NULL,NULL,NULL,1),(24,'Marchés informel et formel de vente des produits alimentaires',NULL,NULL,NULL,NULL,NULL,NULL,NULL,NULL,1),(25,'Caisse Marocaine des Retraites ( C M R )','Hayd Ryad - Rabat',NULL,NULL,NULL,NULL,NULL,NULL,NULL,1),(27,'Elomari Mohamed','Entreprise de Location des engins et matériel de construction - Témara','0661285544 / 0661298307',NULL,NULL,NULL,NULL,NULL,NULL,1),(28,'Amina Houir Alami','21, Rue Oued Al Makhazine - Quartier Ibn Khaldoune - El Harhoura','06 53 92 62 80','05 37 62 66 71',NULL,NULL,NULL,NULL,NULL,1),(29,'Itissalat AL Maghrib','Avenue Annakhil - Hay Ryad - Rabat','05 37 71 21 21',NULL,NULL,NULL,NULL,NULL,NULL,1),(30,'Mohamed Elamrani','21, Rue Oued Al Makhazine-Hay Ibn Khaldoune - Harhoura - Témara','06 62 88 32 32','05 37 62 66 71','med.elamrani@hotmail.com',NULL,NULL,'Gestion des fonds communs',NULL,1),(31,'Mutuelle Générale des PTT','Affiliée à la CNOPS - Rabat',NULL,NULL,NULL,NULL,NULL,NULL,NULL,1),(34,'Société d\'Aménagement Riyad SA','Angle Rues Moulay Ali Chérif et Youssef Ben Tachfine',NULL,NULL,NULL,NULL,NULL,NULL,NULL,1),(35,'Abderrahmane Ettaleb',NULL,NULL,NULL,NULL,NULL,NULL,NULL,NULL,1),(36,'Mohammed Hariri Architecte D.P.L.G','Immeuble B16 Rue Ghana Avenue Madagascar - Rabat','0661215985','0537760145',NULL,'Cab.archi.hariri@hotmail.com',NULL,NULL,NULL,1),(37,'Agence Nationale de la Conservation Foncière, du Cadastre et de la Cartographie ( ANCFCC','Conservation Foncière de Ryad - BP : 10100',NULL,'0537715128',NULL,'cf.ryad@ancfcc.gov.ma',NULL,NULL,NULL,1),(38,'Commune urbaine de Agdal - Ryad','Rabat Agdal',NULL,NULL,NULL,NULL,NULL,NULL,NULL,1),(39,'Cabinet d\'Etudes et de Réaménagement du Territoire \' CANORET \'','6, Rue Moulay Abdelhafid Appt n°18 Rabat','0615943983',NULL,NULL,NULL,NULL,NULL,NULL,1),(40,'Cabinet immobilier BENOMAR','10, Rue Pierre Parent - Rabat','06 61 29 04 62','05 37 70 96 44',NULL,NULL,NULL,NULL,NULL,1),(41,'Sanitem s.a.r.l','7, Av. My Rachid lot My Driss - Témara 12000','0661306156',NULL,NULL,NULL,NULL,NULL,NULL,1),(42,'Société Abidar Frères s.a.r.l','96, Av. My Hassan | Abbadi Breika - Témara','0662525777','0537642516',NULL,NULL,NULL,NULL,NULL,1),(43,'Société Générale Marocaine de Banques ( SGMB )','Moulay Youssef - Rabat - Compte N° 000 050 00 106084 77',NULL,NULL,NULL,NULL,NULL,NULL,NULL,1),(44,'Commerçant en articles de plomberie',NULL,NULL,NULL,NULL,NULL,NULL,NULL,NULL,1),(45,'Lahcen Bouarour, Plombier',NULL,NULL,NULL,NULL,NULL,NULL,NULL,NULL,1),(46,'Jilali Kaddouri','Electricien',NULL,NULL,NULL,NULL,NULL,NULL,NULL,1),(50,'Abdelmounaïm Ettaleb','Fils de l\'entrepreneur en BTP',NULL,NULL,NULL,NULL,NULL,NULL,NULL,1),(52,'Baghdadi, ingénieur topographe',NULL,NULL,NULL,NULL,NULL,NULL,NULL,NULL,1),(53,'Haj Mohamed Houir Alami','Frère de Amina',NULL,NULL,NULL,NULL,NULL,NULL,NULL,1),(54,'Laïla Houir Alami','Soeur de Amina',NULL,NULL,NULL,NULL,NULL,NULL,NULL,1),(55,'Abdelouahed Houir Alami','Frère de Amina',NULL,NULL,NULL,NULL,NULL,NULL,NULL,1),(56,'Dr Abdellatif Karrakchou, Chirurgien Urologue','4, Rue Moulay Slimane - Rabat','0661182245','05 37 73 20 10',NULL,NULL,NULL,NULL,NULL,1),(57,'SOGABOCH SARL, Gérant Si Mohamed','1, Rue Zanjibar - Océan- Rabat','06 61 68 32 83','05 37 72 35 83',NULL,NULL,NULL,NULL,NULL,1),(58,'Mohamed Zeddouk,  Ferronnier','Témara','0670353676',NULL,NULL,NULL,NULL,NULL,NULL,1),(59,'Marché aux grains','Rabat',NULL,NULL,NULL,NULL,NULL,NULL,NULL,1),(60,'BIM, Super Marché','Témara',NULL,NULL,NULL,NULL,NULL,NULL,NULL,1),(61,'Lhoucine Aït Elmadani, Aluminium','Témara',NULL,NULL,NULL,NULL,NULL,NULL,NULL,1),(62,'Pharmacie de la Marne','Patrice Lumba - Rabat',NULL,NULL,NULL,NULL,NULL,NULL,NULL,1),(63,'Marchand de bétail','Sidi Yahya',NULL,NULL,NULL,NULL,NULL,NULL,NULL,1),(64,'Caisse Nationale des Organismes de Prévoyance Sociale ( CNOPS )',NULL,NULL,NULL,NULL,NULL,NULL,NULL,NULL,1),(65,'Formalités administratives',NULL,NULL,NULL,NULL,NULL,NULL,NULL,NULL,1),(66,'Marché Hay Ibn Khaldoune','Harhoura',NULL,NULL,NULL,NULL,NULL,NULL,NULL,1),(67,'Equipement et entretien du jardin','Harhoura',NULL,NULL,NULL,NULL,NULL,NULL,NULL,1),(68,'dépenses effectuées à l\'occasion de l\'Aïd Al Adha',NULL,NULL,NULL,NULL,NULL,NULL,NULL,NULL,1),(69,'Fêtes religieuses',NULL,NULL,NULL,NULL,NULL,NULL,NULL,NULL,1),(70,'Azzyarates',NULL,NULL,NULL,NULL,NULL,NULL,NULL,NULL,1),(71,'Dépenses de santé',NULL,NULL,NULL,NULL,NULL,NULL,NULL,NULL,1),(72,'Maintenance et réparation',NULL,NULL,NULL,NULL,NULL,NULL,NULL,NULL,1),(73,'Cordonnier','Rabat',NULL,NULL,NULL,NULL,NULL,NULL,NULL,1),(74,'Cadeaux et dons',NULL,NULL,NULL,NULL,NULL,NULL,NULL,NULL,1),(75,'Lahcen El Moudden, Cheminée',NULL,NULL,NULL,NULL,NULL,NULL,NULL,NULL,1),(76,'Acquisition et transport des produits et articles pour la Cheminée',NULL,NULL,NULL,NULL,NULL,NULL,NULL,NULL,1),(77,'Dons',NULL,NULL,NULL,NULL,NULL,NULL,NULL,NULL,1),(78,'Service reproduction de documents',NULL,NULL,NULL,NULL,NULL,NULL,NULL,NULL,1);
/*!40000 ALTER TABLE `partenaire` ENABLE KEYS */;
UNLOCK TABLES;

--
-- Table structure for table `projet`
--

DROP TABLE IF EXISTS `projet`;
/*!40101 SET @saved_cs_client     = @@character_set_client */;
/*!40101 SET character_set_client = utf8 */;
CREATE TABLE `projet` (
  `id` int(11) NOT NULL AUTO_INCREMENT,
  `nom` varchar(150) NOT NULL,
  `date_debut` datetime DEFAULT NULL,
  `date_fin` datetime DEFAULT NULL,
  `afficher` tinyint(1) NOT NULL DEFAULT '1',
  PRIMARY KEY (`id`),
  UNIQUE KEY `nom_UNIQUE` (`nom`)
) ENGINE=InnoDB AUTO_INCREMENT=10 DEFAULT CHARSET=utf8;
/*!40101 SET character_set_client = @saved_cs_client */;

--
-- Dumping data for table `projet`
--

LOCK TABLES `projet` WRITE;
/*!40000 ALTER TABLE `projet` DISABLE KEYS */;
INSERT INTO `projet` VALUES (5,'Villa Harhoura',NULL,NULL,1),(6,'Villa Hay Riyad',NULL,NULL,1),(7,'Appartement Rabat Hassan',NULL,NULL,1),(8,'Construction d\'une villa à Hay Ryad',NULL,NULL,1),(9,'Pension mensuelle',NULL,NULL,1);
/*!40000 ALTER TABLE `projet` ENABLE KEYS */;
UNLOCK TABLES;

--
-- Temporary table structure for view `solde_total`
--

DROP TABLE IF EXISTS `solde_total`;
/*!50001 DROP VIEW IF EXISTS `solde_total`*/;
SET @saved_cs_client     = @@character_set_client;
SET character_set_client = utf8;
/*!50001 CREATE TABLE `solde_total` (
  `solde` double
) ENGINE=MyISAM */;
SET character_set_client = @saved_cs_client;

--
-- Temporary table structure for view `totaux_partenaires`
--

DROP TABLE IF EXISTS `totaux_partenaires`;
/*!50001 DROP VIEW IF EXISTS `totaux_partenaires`*/;
SET @saved_cs_client     = @@character_set_client;
SET character_set_client = utf8;
/*!50001 CREATE TABLE `totaux_partenaires` (
  `id_partenaire` int(11),
  `nom` varchar(150),
  `debit` double,
  `credit` double
) ENGINE=MyISAM */;
SET character_set_client = @saved_cs_client;

--
-- Temporary table structure for view `totaux_projets`
--

DROP TABLE IF EXISTS `totaux_projets`;
/*!50001 DROP VIEW IF EXISTS `totaux_projets`*/;
SET @saved_cs_client     = @@character_set_client;
SET character_set_client = utf8;
/*!50001 CREATE TABLE `totaux_projets` (
  `id_projet` int(11),
  `nom` varchar(150),
  `debit` double,
  `credit` double
) ENGINE=MyISAM */;
SET character_set_client = @saved_cs_client;

--
-- Table structure for table `transaction`
--

DROP TABLE IF EXISTS `transaction`;
/*!40101 SET @saved_cs_client     = @@character_set_client */;
/*!40101 SET character_set_client = utf8 */;
CREATE TABLE `transaction` (
  `id` int(11) NOT NULL AUTO_INCREMENT,
  `id_partenaire` int(11) DEFAULT NULL,
  `id_conciliation` int(11) DEFAULT NULL,
  `date` date NOT NULL,
  `description` varchar(250) DEFAULT NULL,
  `numero_cheque` varchar(150) DEFAULT NULL,
  PRIMARY KEY (`id`),
  KEY `fk_transaction_partenaire` (`id_partenaire`),
  KEY `fk_transaction_conciliation1` (`id_conciliation`),
  CONSTRAINT `fk_transaction_conciliation1` FOREIGN KEY (`id_conciliation`) REFERENCES `conciliation` (`id`),
  CONSTRAINT `fk_transaction_partenaire` FOREIGN KEY (`id_partenaire`) REFERENCES `partenaire` (`id`)
) ENGINE=InnoDB AUTO_INCREMENT=522 DEFAULT CHARSET=utf8;
/*!40101 SET character_set_client = @saved_cs_client */;

--
-- Dumping data for table `transaction`
--

LOCK TABLES `transaction` WRITE;
/*!40000 ALTER TABLE `transaction` DISABLE KEYS */;
INSERT INTO `transaction` VALUES (1,NULL,NULL,'2012-08-21','Ouverture des comptes',NULL),(2,NULL,NULL,'1976-10-08','Formation de l\'avoir initial',NULL),(3,34,NULL,'1977-04-18','Acquisition du lot de terrain n°14 xa 10 à Rabat Hay Ryad',NULL),(4,34,NULL,'1978-11-15','Acquisition du lot de terrain n°14 xa 10 à Rabat Hay Ryad',NULL),(5,34,NULL,'1985-05-22','Acquisition du lot de terrain n°14 xa 10 à Rabat Hay Ryad',NULL),(6,34,NULL,'2006-09-26','Acquisition du lot de terrain n°14 xa 10 à Rabat Hay Ryad le contrat de vente( 2 exemplaires)',NULL),(7,34,NULL,'2006-09-14','Acquisition du lot de terrain n°14 xa 10 à Rabat Hay Ryad',NULL),(8,34,NULL,'2006-10-04','Acquisition du lot de terrain n°14 xa 10 à Rabat Hay Ryad',NULL),(9,34,NULL,'2006-10-04','Acquisition du lot de terrain n°14 xa 10 à Rabat Hay Ryad',NULL),(10,34,NULL,'2006-10-04','Acquisition du lot de terrain n°14 xa 10 à Rabat Hay Ryad',NULL),(11,34,NULL,'2006-10-05','Acquisition du lot de terrain n°14 xa 10 à Rabat Hay Ryad',NULL),(12,NULL,NULL,'2012-08-23',NULL,NULL),(13,NULL,NULL,'2012-08-23','Achat de produits alimentaires',NULL),(14,NULL,NULL,'2007-09-03','Réajustement de l\'avoir du compte',NULL),(15,36,NULL,'2007-09-03','Honoraires payés à l\'architecte',NULL),(16,37,NULL,'2009-02-18','Frais payés à la conservation foncière',NULL),(17,NULL,NULL,'2008-10-15','Légalisation de signature apposée sur le contrat établi avec l\'architecte',NULL),(18,NULL,NULL,'2009-06-09','Frais de transport',NULL),(19,NULL,NULL,'2012-08-20','Zakate Alfitr',NULL),(20,2,NULL,'2012-08-24','Presse',NULL),(21,36,NULL,'2008-01-15','Paiement partiel des honoraires',NULL),(22,36,NULL,'2009-04-21','Paiement partiel des honoraires',NULL),(23,36,NULL,'2010-09-07','Paiement de la dernière tranche des honoraires',NULL),(24,36,NULL,'2011-09-09','Frais forfaitaires de déplacement de l\'architecte au chantier',NULL),(25,36,NULL,'2012-03-08','Frais forfaitaires de déplacement de l\'architecte\' au chantier',NULL),(26,36,NULL,'2012-07-24','Frais forfaitaires de déplacement de l\'architecte\' au chantier',NULL),(27,37,NULL,'2011-07-13','Certificat de propriété',NULL),(28,NULL,NULL,'2011-09-09','Frais divers',NULL),(29,NULL,NULL,'2011-10-18','Tirages de plan',NULL),(30,38,NULL,'2011-11-01','Frais payés en espèces à la commune urbaine de Agdal-Ryad',NULL),(31,39,NULL,'2011-11-07','Honoraires de l\'ingénieur \'Béton Armé\'',NULL),(32,NULL,NULL,'2012-08-25','Produits Alimentaires',NULL),(33,30,NULL,'2012-08-27','Respect des engagements pris',NULL),(34,NULL,NULL,'2011-11-14','Achat de timbres de quittance',NULL),(35,17,NULL,'2011-11-21','Paiement frais abonnement pour alimentation en eau potable',NULL),(36,NULL,NULL,'2011-11-30','Achat de cartes  JAWAL - période du 14/7 au 30/11/2011',NULL),(38,7,NULL,'2011-12-09','Déplacement à Rabat - Agdal et retour',NULL),(39,7,NULL,'2011-11-30','Période du 14/7 au 30/11/2011',NULL),(41,NULL,NULL,'2011-07-13','Réajustement du compte',NULL),(42,39,NULL,'2012-03-08','Montant forfaitaire des honoraires pour visites de chantier',NULL),(43,42,NULL,'2012-07-28','Achat Tubes oranges et articles électriques',NULL),(44,7,NULL,'2012-08-28','Déplacement à Témara et retour',NULL),(45,24,NULL,'2012-08-28','Alimentation',NULL),(46,2,NULL,'2012-08-28','Journaux et écrits périodiques',NULL),(47,27,NULL,'2011-12-15','Coût des travaux de déblaiement et du creusement du sous-sol',NULL),(48,7,NULL,'2011-12-15','Montant payé pour 5 déplacements à Rabat Hay Ryad et retour',NULL),(49,NULL,NULL,'2011-12-17','Achat d\'une carte JAWAL',NULL),(50,7,NULL,'2011-12-17','Frais de déplacement à Rabat Hay Ryad et retour',NULL),(51,27,NULL,'2011-12-20','Coût du crusement du sous-sol',NULL),(52,7,NULL,'2011-12-20','Déplacement à Rabat Hay Ryad et retour',NULL),(53,27,NULL,'2011-12-14','Montant servi aux conducteurs d\'engins',NULL),(54,NULL,NULL,'2011-12-13','Formation de l\'avoir initial',NULL),(55,24,NULL,'2012-08-28','Aliments pour chats',NULL),(56,43,NULL,'2011-11-21','Rétablissement de l\'avoir réel du compte',NULL),(57,7,NULL,'2012-08-29','Réajustement de l\'avoir du compte',NULL),(58,7,NULL,'2011-12-27','Déplacement à Hay Ryad et retour',NULL),(59,29,NULL,'2012-08-10','Réglement factures téléphone et internet au titre du mois d\'Août 2012',NULL),(60,25,NULL,'2012-08-21','Virement pension au titre du mois d\'Août 2012',NULL),(61,24,NULL,'2012-09-01','Achat de produits alimentaires',NULL),(62,NULL,NULL,'2012-08-31','Participation au mariage',NULL),(63,7,NULL,'2012-09-01','Frais de transport',NULL),(64,2,NULL,'2012-08-31','Produits culturels',NULL),(65,14,NULL,'2012-08-30','Coupe de cheveux',NULL),(66,7,NULL,'2012-09-01','Déplacement à Hay Ryad et retour',NULL),(67,NULL,NULL,'2011-10-27','Achat d\'une carte Jawal',NULL),(68,35,NULL,'2011-12-31','Versement en main propre',NULL),(69,7,NULL,'2011-12-31','Déplacement à Hay Ryad',NULL),(70,38,NULL,'2012-01-02','Réglement frais pour occupation temporaire du domaine public',NULL),(71,7,NULL,'2012-01-02','Déplacement à Rabat agdal',NULL),(72,44,NULL,'2012-01-03','Articles de plomberie',NULL),(73,7,NULL,'2012-01-03','Déplacement à Hay Ryad et retour',NULL),(74,NULL,NULL,'2012-09-02','pourboire',NULL),(75,7,NULL,'2012-01-05','Déplacement à hay Ryad et retour',NULL),(76,7,NULL,'2012-01-09','Déplacement à Rabat, Hay Ryad, Temara et retour',NULL),(77,42,NULL,'2012-01-09','Coffret 4 files',NULL),(78,42,NULL,'2012-01-09','Dijoncteur 4 files',NULL),(79,42,NULL,'2012-09-02','Accessoires électriques',NULL),(80,46,NULL,'2012-01-09','Pourboire',NULL),(81,50,NULL,'2012-01-12','Versement en main propre',NULL),(82,7,NULL,'2012-01-12','Déplacement à Rabat Hay Ryad et retour',NULL),(83,NULL,NULL,'2012-01-13','Pourboire',NULL),(84,NULL,NULL,'2012-01-16','Achat d\'une carte Jawal',NULL),(85,7,NULL,'2012-09-02','Déplacement à Rabat Hay Ryad',NULL),(86,7,NULL,'2012-09-02','Déplacement à Rabat Agdal et retour',NULL),(87,52,NULL,'2012-01-20','Honoraires de l\'ingénieur topographe',NULL),(88,52,NULL,'2012-01-24','Honoraires de l\'ingénieur topographe',NULL),(89,NULL,NULL,'2012-01-24','Dons aux 2 représentants de la commune Agdal- Hay Ryad',NULL),(90,NULL,NULL,'2012-01-24','Achat d\'une carte de recharge Jawal',NULL),(91,NULL,NULL,'2012-01-24','Photocopies',NULL),(92,7,NULL,'2012-01-25','Déplacement à Rabat Hay Ryad et retour',NULL),(93,NULL,NULL,'2012-01-25','Pourboire',NULL),(94,46,NULL,'2012-01-28','Pourboire',NULL),(95,NULL,NULL,'2011-11-30','Réajustement de l\'avoir du compte',NULL),(96,18,NULL,'2011-07-07','Prêt',NULL),(99,28,NULL,'2011-11-30','Prêt',NULL),(100,55,NULL,'2012-01-03','Encaissement chèque de virement',NULL),(101,54,NULL,'2012-01-04','Prêt',NULL),(102,18,NULL,'2012-01-20','Prêt',NULL),(103,55,NULL,'2012-01-20','Prêt',NULL),(104,NULL,NULL,'2011-10-01','Prêt',NULL),(105,7,NULL,'2012-02-02','Déplacement à Hay Ryad et retour à Rabat',NULL),(106,7,NULL,'2012-09-03','Déplacement à Hay Ryad et retour',NULL),(107,NULL,NULL,'2012-02-07','Achat d\'une carte jawal',NULL),(108,7,NULL,'2012-02-09','Déplacement Rabat Hay Ryad et retour',NULL),(109,NULL,NULL,'2012-02-09','Achat d\'une carte jawal',NULL),(110,NULL,NULL,'2012-02-13','Branchement au réseau public d\'assainissement',NULL),(111,24,NULL,'2012-09-07','Achat de produits alimentaires',NULL),(112,7,NULL,'2012-09-07','Déplacement à Rabat, Salé, Rabat et retour',NULL),(113,2,NULL,'2012-09-07','Presse quotidienne et hebdomadaire',NULL),(114,NULL,NULL,'2012-09-04','Légalisation de signature + frais rattachés',NULL),(115,40,NULL,'2012-09-05','Réglement du loyer',NULL),(116,28,NULL,'2012-09-04','Alimentation du compte \' Fonds propres\'',NULL),(117,20,NULL,'2012-09-06','Achat de 3 boîtes de Finastérides GT  5 mg',NULL),(118,NULL,NULL,'2012-09-05','Achat de carte JAWAL pour AMINA',NULL),(119,NULL,NULL,'2012-09-05','Réparation',NULL),(120,NULL,NULL,'2012-09-06','Articles pour thé offerts à Talal demi frère à l\'occasion de son mariage',NULL),(121,NULL,NULL,'2012-09-04','Achat d\'une carte JAWAL',NULL),(122,NULL,NULL,'2012-09-05','Reproduction de documents',NULL),(123,NULL,NULL,'2012-09-06','Pourboire servi aux ouvriers du chantier',NULL),(124,NULL,NULL,'2012-09-06','Déplacement à Hay Ryad et retour',NULL),(125,NULL,NULL,'2012-09-08','Déplacement à Rabat Hay RyaD et retour',NULL),(126,56,NULL,'2012-09-04','Visite médicale',NULL),(127,NULL,NULL,'2012-02-13','Branchement au réseau public d\'assainissement',NULL),(128,NULL,NULL,'2012-02-13','Déplacement à Rabat Hay Ryad et retour',NULL),(129,NULL,NULL,'2012-02-16','Pourboire',NULL),(130,7,NULL,'2012-02-16','Déplacement à hay Ryad et retour',NULL),(132,50,NULL,'2012-02-18','Versement en main propre',NULL),(133,7,NULL,'2012-02-18','Déplacement à Rabat Hay Ryad et retour',NULL),(134,NULL,NULL,'2012-02-21','Equipement électrique et accessoires',NULL),(135,7,NULL,'2012-02-21','Déplacement à Rabat Hay Ryad ET retour',NULL),(136,NULL,NULL,'2012-02-23','Pourboire',NULL),(137,7,NULL,'2012-02-24','Déplacement à Hay Ryad et retour',NULL),(138,7,NULL,'2012-02-25','Déplacement à Rabat Hay Ryad et retour',NULL),(139,7,NULL,'2012-02-28','Frais de transport Rabat Hay Ryad',NULL),(140,NULL,NULL,'2012-02-28','Pourboire',NULL),(141,7,NULL,'2012-02-28','Déplacement à Hay Ryad et retour',NULL),(142,7,NULL,'2012-03-02','Déplacement à Hay Ryad et retour',NULL),(143,7,NULL,'2012-03-06','Déplacement à Hay Riad et retour',NULL),(144,57,NULL,'2012-09-10','Bois de cheminée',NULL),(145,NULL,NULL,'2012-09-10','Frais de transport',NULL),(146,NULL,NULL,'2012-09-10','Alimentation',NULL),(147,NULL,NULL,'2012-03-08','Frais de jus offerts aux 3 intervenants ( Tacheron, Architecte et ingénieur béton armé )',NULL),(148,NULL,NULL,'2012-03-08','Pourboire',NULL),(149,NULL,NULL,'2012-03-09','Equipement électrique et accessoires',NULL),(150,35,NULL,'2012-03-10','Versement de fonds en main propre',NULL),(151,7,NULL,'2012-03-10','Déplacement à Rabat Hay Ryad et retour',NULL),(152,NULL,NULL,'2012-03-15','Déplacement à Rabat Hay Ryad et retour',NULL),(153,NULL,NULL,'2012-03-17','Déplacement à Rabat Hay Ryad et retour',NULL),(154,NULL,NULL,'2012-03-17','Pourboire',NULL),(155,NULL,NULL,'2012-03-19','Déplacement à Hay Ryad et retour',NULL),(156,NULL,NULL,'2012-03-23','Déplacement à Hay Ryad et retour',NULL),(157,NULL,NULL,'2012-03-23','Achat d\'une carte JAWAL',NULL),(158,NULL,NULL,'2012-03-24','Déplacement à Rabat Hay Ryad et retour',NULL),(159,18,NULL,'2012-03-26','Prêt accordé en espèces et sans conditions de remboursement',NULL),(160,NULL,NULL,'2012-03-27','Pourboire',NULL),(161,35,NULL,'2012-03-31','Versement effectué en main propre',NULL),(162,NULL,NULL,'2012-03-31','Déplacement à Rabat Hay Ryad et retour',NULL),(163,NULL,NULL,'2012-04-03','Pourboire',NULL),(164,7,NULL,'2012-04-03','Déplacement à Rabat Hay Ryad et retour',NULL),(165,7,NULL,'2012-04-10','Déplacement à Rabat Hay Ryad et retour',NULL),(166,NULL,NULL,'2012-04-10','Equipement électrique et accessoires',NULL),(167,7,NULL,'2012-04-11','Déplacement à Rabat Hay Ryad et retour',NULL),(168,NULL,NULL,'2012-04-11','Pourboire',NULL),(169,57,NULL,'2012-09-11','Déchargement bois de chauffage pour la cheminée',NULL),(170,24,NULL,'2012-09-11','Alimentation générale',NULL),(171,7,NULL,'2012-09-11','Déplacement à Témara et retour',NULL),(172,NULL,NULL,'2012-09-11','Déplacement à Hay Ryad et retour',NULL),(173,2,NULL,'2012-09-11','Presse Nationale',NULL),(174,35,NULL,'2012-04-14','6ème Versement en espèces',NULL),(175,7,NULL,'2012-09-11','éplacement à Rabat Hay Ryad et retour',NULL),(176,7,NULL,'2012-09-11','Déplacement à Rabat Hay Ryad et retour',NULL),(177,7,NULL,'2012-04-14','Déplacement à Rabat Hay Ryad et retour',NULL),(178,58,NULL,'2012-09-11','Paiement reliquat',NULL),(179,58,NULL,'2012-07-21','Avance sur montant cadres pour équipements alumium',NULL),(180,NULL,NULL,'2012-04-17','Pourboire',NULL),(181,7,NULL,'2012-04-19','Déplacement à Hay Ryad et retour',NULL),(182,7,NULL,'2012-04-21','Déplacement à Hay Ryad et retour',NULL),(183,35,NULL,'2012-04-24','Versement effectué en main propre',NULL),(184,7,NULL,'2012-04-26','Déplacement à Rabat Hay Ryad et retour',NULL),(185,NULL,NULL,'2012-04-27','Montant servi aux ouvriers du chantier',NULL),(186,7,NULL,'2012-04-30','Déplacement à Rabat Hay Ryad et retour',NULL),(187,NULL,NULL,'2012-04-30','Pourboire',NULL),(188,7,NULL,'2012-05-03','Déplacement à Rabat Hay Ryad et retour',NULL),(189,NULL,NULL,'2012-05-03','Recharge JAWAL',NULL),(190,NULL,NULL,'2012-05-07','Déplacement à Hay Ryad et retour',NULL),(191,43,NULL,'2012-09-14','Retrait espèces',NULL),(192,41,NULL,'2012-09-13','Achat d\'équipements de plomberie et accessoires',NULL),(193,7,NULL,'2012-09-13','Frais de transport',NULL),(194,45,NULL,'2012-09-13','Pourboire',NULL),(195,7,NULL,'2012-09-13','Déplacement de Rabat à témara, Hay Ryad et retour',NULL),(196,17,NULL,'2012-09-12','Eau et Electricité',NULL),(197,17,NULL,'2012-09-12','Eau et Electricité',NULL),(198,17,NULL,'2012-09-12','Eau et Electricité',NULL),(199,24,NULL,'2012-09-13','Alimentation',NULL),(200,7,NULL,'2012-09-14','Frai de transport',NULL),(201,2,NULL,'2012-09-14','Presse nationale',NULL),(202,20,NULL,'2012-09-13','Achat de Doliprane',NULL),(203,20,NULL,'2012-09-13','Médicament',NULL),(204,35,NULL,'2012-05-08','Versement en main propre',NULL),(205,1,NULL,'2012-09-15','Alimentation générale',NULL),(206,45,NULL,'2012-09-15','Pourboire',NULL),(207,NULL,NULL,'2012-09-15','Pourboire',NULL),(208,29,NULL,'2012-09-12','Téléphone et Internet',NULL),(209,7,NULL,'2012-09-15','Déplacement à Rabat Hay Ryad et retour',NULL),(210,7,NULL,'2012-05-08','Déplacement à Rabat Hay Ryad et retour',NULL),(211,NULL,NULL,'2012-05-08','Pourboire',NULL),(212,7,NULL,'2012-05-10','Déplacement à Rabat Hay Ryad et retour',NULL),(213,NULL,NULL,'2012-05-12','Pourboire',NULL),(214,7,NULL,'2012-05-12','Déplacement à Hay Ryad et retour',NULL),(215,35,NULL,'2012-05-15','Versement en main propre',NULL),(216,NULL,NULL,'2012-05-15','Pourboire',NULL),(217,NULL,NULL,'2012-05-17','2 déplacements effectués à Hay Ryad',NULL),(218,NULL,NULL,'2012-05-19','Pourboire',NULL),(219,NULL,NULL,'2012-05-19','Déplacement à Rabat Hay Ryad et retour',NULL),(220,NULL,NULL,'2012-05-22','Pourboire',NULL),(221,7,NULL,'2012-05-24','Déplacement à Rabat Hay Ryad et retour',NULL),(222,NULL,NULL,'2012-05-29','Pourboire',NULL),(223,35,NULL,'2012-05-31','Versement effectué en main propre',NULL),(224,43,NULL,'2012-01-03','Alimentation de compte',NULL),(225,46,NULL,'2012-05-31','Versement en main propre',NULL),(226,7,NULL,'2012-05-31','Frais de transport',NULL),(227,NULL,NULL,'2012-05-31','Pourboire',NULL),(228,NULL,NULL,'2012-06-04','Tirage de plan',NULL),(229,7,NULL,'2012-06-04','Frais de transport',NULL),(230,NULL,NULL,'2012-06-04','Pourboire',NULL),(231,NULL,NULL,'2012-06-05','Pourboire',NULL),(232,NULL,NULL,'2012-06-05','Recharge Jawal',NULL),(233,7,NULL,'2012-06-07','Frais de déplacement',NULL),(234,35,NULL,'2012-06-12','Versement en main propre',NULL),(235,NULL,NULL,'2012-06-12','Pourboire',NULL),(236,7,NULL,'2012-06-15','Frais de transport',NULL),(237,7,NULL,'2012-06-16','Frais de transport',NULL),(238,18,NULL,'2012-06-19','Emprunt',NULL),(239,NULL,NULL,'2012-06-19','Pourboire',NULL),(240,7,NULL,'2012-06-19','Frais de transport',NULL),(241,18,NULL,'2012-06-20','Emprunt',NULL),(242,7,NULL,'2012-06-21','Frais de transport',NULL),(243,35,NULL,'2012-06-22','Versement en main propre',NULL),(244,42,NULL,'2012-06-23','Equipements électriques et accessoires',NULL),(245,7,NULL,'2012-06-23','Frais de transport',NULL),(246,NULL,NULL,'2012-06-26','Pourboire',NULL),(247,7,NULL,'2012-06-27','Frais de transport',NULL),(248,7,NULL,'2012-06-28','Frais de transport',NULL),(249,7,NULL,'2012-07-02','Frais de transport',NULL),(250,18,NULL,'2012-01-26','Emprunt',NULL),(251,NULL,NULL,'2012-07-03','Remboursement Emprunt',NULL),(252,NULL,NULL,'2012-07-07',NULL,'ERG 0194888'),(253,35,NULL,'2012-05-08','Versement en main propre',NULL),(254,46,NULL,'2012-07-07','Versement en main propre',NULL),(255,7,NULL,'2012-07-07','Frais de transport',NULL),(256,NULL,NULL,'2012-07-10','Pourboire',NULL),(257,7,NULL,'2012-07-12','Frais de transport',NULL),(258,46,NULL,'2012-07-12','Pourboire servi à l\'électricien',NULL),(259,42,NULL,'2012-07-14','Equipement électrique et accessoires',NULL),(260,7,NULL,'2012-07-14','Frais de transport',NULL),(261,7,NULL,'2012-07-16','Frais de transport',NULL),(262,NULL,NULL,'2012-07-17','Pourboire',NULL),(263,NULL,NULL,'2012-07-17','Achat d\'une carte de recharge jawal',NULL),(264,46,NULL,'2012-07-19','Pourboire',NULL),(265,7,NULL,'2012-07-20','Frais de transport',NULL),(266,7,NULL,'2012-07-21','Frais de transport',NULL),(267,NULL,NULL,'2012-07-24','Pourboire',NULL),(268,7,NULL,'2012-07-24','Frais de transport',NULL),(269,7,NULL,'2012-07-26','Frais de transport',NULL),(270,NULL,NULL,'2012-07-28','Frais de communications téléphoniques',NULL),(271,7,NULL,'2012-07-31','Frais de transport',NULL),(272,7,NULL,'2012-07-31','Frais de transport',NULL),(273,NULL,NULL,'2012-07-31','Pourboire',NULL),(274,7,NULL,'2012-08-04','Frais de transport',NULL),(275,NULL,NULL,'2012-08-06','Articles de plomberie et accessoires',NULL),(276,NULL,NULL,'2012-08-06','Pourboire',NULL),(277,7,NULL,'2012-08-06','Frais de transport',NULL),(278,7,NULL,'2012-08-07','Frais de transport',NULL),(279,NULL,NULL,'2012-08-09','Pourboire',NULL),(280,NULL,NULL,'2012-08-09','Pourboire',NULL),(281,NULL,NULL,'2012-08-09','Pourboire',NULL),(282,7,NULL,'2012-08-11','Frais de transport',NULL),(283,45,NULL,'2012-08-11','Versement en main propre',NULL),(284,7,NULL,'2012-08-13','Frais de transport',NULL),(285,24,NULL,'2012-09-17','Produits alimentaires',NULL),(286,7,NULL,'2012-09-18','Frais de transport',NULL),(287,45,NULL,'2012-09-18','Versement effectué en main propre',NULL),(288,24,NULL,'2012-09-18','Produits alimentaires',NULL),(289,17,NULL,'2012-02-02','Abonnement électricité',NULL),(290,17,NULL,'2012-02-16','Réglement facture eau au titre du mois de Janvier 2012',NULL),(291,17,NULL,'2012-03-12','Réglement consommation d\'eau',NULL),(292,17,NULL,'2012-04-12','Réglement facture Eau au titre du mois de Mars 2012',NULL),(293,17,NULL,'2012-05-10','Réglement consommation eau et électricité',NULL),(294,17,NULL,'2012-06-13','Réglement consommation eau et électricité',NULL),(295,17,NULL,'2012-07-11','Réglement Consommation eau et électricité',NULL),(296,17,NULL,'2012-08-10','Réglement consommation eau et électricité',NULL),(297,25,NULL,'2012-09-20','Virement pension au titre du mois de Septembre 2012',NULL),(298,43,NULL,'2012-09-21','Virement de compte à compte',NULL),(299,58,NULL,'2012-09-20','1er Versement en espèces',NULL),(300,7,NULL,'2012-09-20','Frais de transport',NULL),(301,NULL,NULL,'2012-09-20','Pourboire',NULL),(302,24,NULL,'2012-09-20','Articles divers',NULL),(303,24,NULL,'2012-09-21','Alimentation générale',NULL),(304,7,NULL,'2012-09-21','Déplacement à Rabat, Salé, Rabat et retour',NULL),(305,2,NULL,'2012-09-21','Presse nationale',NULL),(306,7,NULL,'2012-09-22','Frais de transport',NULL),(307,59,NULL,'2012-09-24','Denrées alimentaitres',NULL),(308,7,NULL,'2012-09-24','Frais de transport',NULL),(309,7,NULL,'2012-09-24','Frais de transport',NULL),(310,28,NULL,'2012-09-25','Contribution au budget familial',NULL),(311,60,NULL,'2012-09-25','Achat de produit alimentaires',NULL),(312,7,NULL,'2012-09-25','Frais de transport',NULL),(313,61,NULL,'2012-09-24','Réparation porte d\'accès au jardin',NULL),(314,62,NULL,'2012-09-26','Pour la famille',NULL),(315,24,NULL,'2012-09-28','Achat de produits alimentaires',NULL),(316,7,NULL,'2012-09-28','Frais de transport',NULL),(317,2,NULL,'2012-09-28','Achat de 4 journaux et d\'un hebdomadaire',NULL),(318,NULL,NULL,'2012-09-26','Achat de 2 télécommandes pour TV',NULL),(319,NULL,NULL,'2012-09-26','Réparation',NULL),(320,20,NULL,'2012-09-28','Achat d\'une boîte de Visioprev Duo',NULL),(321,20,NULL,'2012-09-28','Médicament',NULL),(322,22,NULL,'2012-09-27','Articles pour installation de 2 Paraboles',NULL),(323,7,NULL,'2012-09-28','Frais de transport',NULL),(324,24,NULL,'2012-09-29','Alimentation',NULL),(325,7,NULL,'2012-09-29','Frais de transport',NULL),(326,NULL,NULL,'2012-09-29','Pourboire',NULL),(327,63,NULL,'2012-09-30','Montant payé pour l\'achat d\'un mouton',NULL),(328,NULL,NULL,'2012-09-30','Frais de transport',NULL),(329,NULL,NULL,'2012-10-01','Fissabili ALLAH',NULL),(330,24,NULL,'2012-10-02','Alimentation générale',NULL),(331,7,NULL,'2012-10-02','Frais de transport',NULL),(332,NULL,NULL,'2012-10-02','Frais de transport',NULL),(333,20,NULL,'2012-10-01','Achat d\'une boîte de comprimés doliprane à 1gr',NULL),(334,24,NULL,'2012-10-05','Alimentation générale',NULL),(335,7,NULL,'2012-10-05','Frais de transport',NULL),(336,2,NULL,'2012-10-05','Presse marocaine',NULL),(337,43,NULL,'2012-10-06','Retrait en espèces pour alimenter le compte à créditer',NULL),(338,43,NULL,'2012-10-03','Transfert de fonds',NULL),(339,58,NULL,'2012-10-04','2ème versement en main Propre',NULL),(340,40,NULL,'2012-10-03','Loyer de l\'appartement de Rabat',NULL),(341,NULL,NULL,'2012-10-03','Recharge JAWAL',NULL),(342,NULL,NULL,'2012-10-04','Achat de 2 sauts pour ablutions',NULL),(343,NULL,NULL,'2012-10-05','Souab Azzyarates',NULL),(344,7,NULL,'2012-10-06','Frais de transport',NULL),(345,NULL,NULL,'2012-10-04','Pourboire',NULL),(346,24,NULL,'2012-10-08','Articles de cuisines',NULL),(347,7,NULL,'2012-10-08','Frais de transport',NULL),(348,24,NULL,'2012-10-08','Alimentation',NULL),(349,NULL,NULL,'2012-10-09','Pourboire',NULL),(350,NULL,NULL,'2012-10-09','Pourboire',NULL),(351,7,NULL,'2012-10-09','Frais de transport',NULL),(352,24,NULL,'2012-10-12','Alimentation générale',NULL),(353,7,NULL,'2012-10-12','Frais de transport',NULL),(354,2,NULL,'2012-10-12','Presse nationale',NULL),(355,NULL,NULL,'2012-10-10','Participation à une céromonie de baptême de la fille de Amine Zhiri',NULL),(356,65,NULL,'2012-10-10','Demande de passeport',NULL),(357,65,NULL,'2012-10-11','Achat d\'un timbre de quittance  éxigé pour l\'obtention du passeport',NULL),(358,NULL,NULL,'2012-10-11','Photocopies de pièces administratives et de la CIN',NULL),(359,NULL,NULL,'2012-10-12','Achat d\'une chemise cartonnée',NULL),(360,NULL,NULL,'2012-10-11','Transport de marchandises',NULL),(361,42,NULL,'2012-10-30','Acquisition des équipements électriques pour la villa de Hay Ryad',NULL),(362,7,NULL,'2012-10-11','Frais de transport',NULL),(363,29,NULL,'2012-10-12','Réglement factures Téléphone et Internet',NULL),(364,17,NULL,'2012-10-11','Réglement factures eau électricité au titre du mois de septembre 2012',NULL),(365,17,NULL,'2012-10-11','Eau et Electricité',NULL),(366,17,NULL,'2012-10-11','Eau et Electricité',NULL),(367,64,NULL,'2012-09-21','Remboursement des soins médicaux',NULL),(368,9,NULL,'2012-10-13','Pourboire',NULL),(369,64,NULL,'2012-09-21','Virement CNOPS',NULL),(370,7,NULL,'2012-10-13','Frais de transport',NULL),(371,7,NULL,'2012-10-11','Frais de transport',NULL),(372,61,NULL,'2012-10-13','Fenêtre-porte d\'accès au jardin',NULL),(373,13,NULL,'2012-10-15','Contribution aux frais de gardiennage du quartier Ibn Khaldoune au titre des mois de septembre et Octobre 2012',NULL),(374,66,NULL,'2012-10-15','Acquisition de denrées alimentaires',NULL),(375,25,NULL,'2012-10-19','Virement pension CMR au titre du mois d\'Octobre 2012',NULL),(376,20,NULL,'2012-10-15','Achat d\'un tube de dentifrice médicale',NULL),(377,1,NULL,'2012-10-16','Achat de produits alimentaires',NULL),(378,43,NULL,'2012-10-16','Mouvements de fonds',NULL),(379,46,NULL,'2012-10-16','3ème Versement',NULL),(380,58,NULL,'2012-10-16','3ème versement',NULL),(381,7,NULL,'2012-10-16','Frais de transport',NULL),(382,NULL,NULL,'2012-10-16','Pourboire',NULL),(383,2,NULL,'2012-10-16','Presse nationale',NULL),(384,24,NULL,'2012-10-18','Alimentation générale',NULL),(385,7,NULL,'2012-10-18','Déplacement à Rabat, Salé, Rabat et retour',NULL),(386,2,NULL,'2012-10-17','Achat d\'un journal',NULL),(387,24,NULL,'2012-10-17','Achat d\'un brûleur de butane',NULL),(388,67,NULL,'2012-10-18','Achat d\'engrais',NULL),(389,14,NULL,'2012-10-17','Coupe de cheveux',NULL),(390,7,NULL,'2012-10-18','Frais de transport',NULL),(391,NULL,NULL,'2012-10-18','Recharge Jawal',NULL),(392,66,NULL,'2012-10-20','Alimentation',NULL),(393,2,NULL,'2012-10-19','Presse nationale',NULL),(394,1,NULL,'2012-10-22','Alimentation',NULL),(395,7,NULL,'2012-10-22','Frais de transport',NULL),(396,7,NULL,'2012-10-22','Frais de transport',NULL),(397,24,NULL,'2012-10-23','Alimentation générale',NULL),(398,7,NULL,'2012-10-23','Frais de transport',NULL),(399,13,NULL,'2012-10-23','Pourboire',NULL),(400,7,NULL,'2012-10-23','Frais de transport',NULL),(401,2,NULL,'2012-10-22','Presse nationale',NULL),(402,66,NULL,'2012-10-24','Achat de butane de gaz',NULL),(403,66,NULL,'2012-10-25','Pourboire',NULL),(404,63,NULL,'2012-10-25','Achat d\'un mouton',NULL),(405,63,NULL,'2012-10-25','Pourboire servi à l\'aide du marchand de bétail pour livraison  du mouton',NULL),(406,24,NULL,'2012-10-25','Aliment pour bétail',NULL),(407,68,NULL,'2012-10-25','Transport du mouton',NULL),(408,68,NULL,'2012-10-25','Frais de transport',NULL),(409,69,NULL,'2012-10-26','Frais d\'abattage de 2 moutons',NULL),(410,69,NULL,'2012-10-27','Frais de dépelage de 2 têtes et de 6pattes de 2 moutons',NULL),(411,66,NULL,'2012-10-27','Viande hachée',NULL),(412,20,NULL,'2012-10-29','Achat d\'une boîte de colchicine',NULL),(413,20,NULL,'2012-10-29','Médicament',NULL),(414,30,NULL,'2012-10-30','Respect des engagements pris',NULL),(415,28,NULL,'2012-10-31','Contribution au budget familial au titre du mois de novembre 2012',NULL),(416,28,NULL,'2012-10-31','Contribution mensuelle',NULL),(417,24,NULL,'2012-11-03','Achat de produits alimentaires variés',NULL),(418,7,NULL,'2012-11-02','Frais de transport',NULL),(419,2,NULL,'2012-11-02','Presse nationale',NULL),(420,62,NULL,'2012-11-01','Achat d\'un tube de dentifrice',NULL),(421,1,NULL,'2012-11-04','Chaussettes',NULL),(422,62,NULL,'2012-11-01','Médicament',NULL),(423,40,NULL,'2012-11-01','Paiement loyer',NULL),(424,65,NULL,'2012-11-01','Tirage de document',NULL),(425,65,NULL,'2012-11-01','Zyarates',NULL),(426,70,NULL,'2012-11-03','Frais de transport',NULL),(427,24,NULL,'2012-11-03','Article de cuisine',NULL),(428,35,NULL,'2012-11-04','14 ème Versement',NULL),(429,7,NULL,'2012-11-03','Frais de transport',NULL),(430,66,NULL,'2012-11-06','Denrées alimentaires',NULL),(431,7,NULL,'2012-11-06','Frais de transport',NULL),(432,24,NULL,'2012-11-09','Achat de produits alimentaires divers',NULL),(433,7,NULL,'2012-11-09','Frais de transport',NULL),(434,2,NULL,'2012-11-09','Presse nationale',NULL),(435,12,NULL,'2012-11-09','Repassage',NULL),(436,13,NULL,'2012-11-09','Frais de gardiennage',NULL),(437,71,NULL,'2012-11-08','Consultation médicale',NULL),(438,1,NULL,'2012-11-12','Alimentation générale',NULL),(439,70,NULL,'2012-11-12','Darate familiale',NULL),(440,66,NULL,'2012-11-12','Denrées alimentaires',NULL),(441,7,NULL,'2012-11-12','Frais de transport',NULL),(442,29,NULL,'2012-11-12','Téléphone et Internet',NULL),(443,17,NULL,'2012-11-12','Eau et électricité',NULL),(444,17,NULL,'2012-11-12','Eau et Electricité',NULL),(445,17,NULL,'2012-11-12','Eau et Electricité',NULL),(446,43,NULL,'2012-10-01','frais de tenue de compte au titre du 3ème trimestre 2012',NULL),(447,24,NULL,'2012-11-16','alimentation générale',NULL),(448,7,NULL,'2012-11-16','Frais de transport',NULL),(449,2,NULL,'2012-11-16','Presse nationale',NULL),(450,7,NULL,'2012-11-16','Frais de transport',NULL),(451,70,NULL,'2012-11-17','Visite de courtoisie',NULL),(452,24,NULL,'2012-11-20','Alimentation générale',NULL),(453,7,NULL,'2012-11-20','Frais de transport',NULL),(454,NULL,NULL,'2012-11-20','Frais de transport',NULL),(455,18,NULL,'2012-11-14','Transfert de fonds de l\'Arabie saoudite',NULL),(456,25,NULL,'2012-11-22','Pension mensuelle',NULL),(457,43,NULL,'2012-11-14','Prélèvement d\'office au profit de la SGMB',NULL),(458,24,NULL,'2012-11-22','Alimentation générale',NULL),(459,7,NULL,'2012-11-23','Frais de transport',NULL),(460,2,NULL,'2012-11-23','Presse nationale',NULL),(461,72,NULL,'2012-11-21','Réparation portable',NULL),(462,73,NULL,'2012-11-22','Avance sur montant dû au cordonnier',NULL),(463,7,NULL,'2012-11-22','Frais de transport',NULL),(464,43,NULL,'2012-11-23','Transfert de compte à compte',NULL),(465,28,NULL,'2012-11-23','Budget familial',NULL),(466,28,NULL,'2012-11-23','Budget familial',NULL),(467,20,NULL,'2012-11-26','Produits pharmaceutiques',NULL),(468,20,NULL,'2012-11-26','Produit parapharmaceutique',NULL),(469,1,NULL,'2012-11-27','Alimentation générale',NULL),(470,7,NULL,'2012-11-27','Frais de transport',NULL),(471,2,NULL,'2012-11-27','Presse nationale',NULL),(472,66,NULL,'2012-11-28','Articles divers',NULL),(473,66,NULL,'2012-11-28','Livraison à domicile',NULL),(474,24,NULL,'2012-11-30','Alimentation générale',NULL),(475,7,NULL,'2012-12-01','Frais de transport',NULL),(476,2,NULL,'2012-11-30','Presse nationale',NULL),(477,73,NULL,'2012-12-01','Montant dû au cordonnier',NULL),(478,74,NULL,'2012-11-30','Dons à l\'occasion d\'un décès',NULL),(479,43,NULL,'2012-11-29','Transfert de fonds',NULL),(480,NULL,NULL,'2012-11-30','Respect des engagements pris',NULL),(481,24,NULL,'2012-12-07','Alimentation générale',NULL),(482,7,NULL,'2012-12-07','Frais de transport',NULL),(483,2,NULL,'2012-12-07','Presse nationale',NULL),(484,76,NULL,'2012-12-04','Achat d\'articles et de produits nécessaires pour la réalisation des structures de la cheminée',NULL),(485,76,NULL,'2012-12-05','Frais de transport',NULL),(486,75,NULL,'2012-12-04','Pourboire',NULL),(487,7,NULL,'2012-12-06','Frais de transport',NULL),(488,NULL,NULL,'2012-12-05','Communications téléphoniques',NULL),(489,NULL,NULL,'2012-12-07','Pourboire en nature',NULL),(490,75,NULL,'2012-12-06','1er Versement',NULL),(491,NULL,NULL,'2012-12-06','Articles de plomberie',NULL),(492,45,NULL,'2012-12-06','Pourboire',NULL),(493,62,NULL,'2012-12-06','Médicament',NULL),(494,62,NULL,'2012-12-06','Médicament',NULL),(495,NULL,NULL,'2012-12-06','Communications Téléphoniques',NULL),(496,NULL,NULL,'2012-12-06','Bain maure',NULL),(497,NULL,NULL,'2012-12-07','Zyarates Almaride',NULL),(498,43,NULL,'2012-12-07','Retrait espèces pour alimenter le compte fonds disponibles',NULL),(499,66,NULL,'2012-12-08','Alimentation',NULL),(500,7,NULL,'2012-12-08','Frais de transport',NULL),(501,66,NULL,'2012-12-10','Alimentation',NULL),(502,7,NULL,'2012-12-09','Frais de transport',NULL),(503,13,NULL,'2012-12-09','Contribution mensuelle',NULL),(504,43,NULL,'2012-12-14','Mouvement de fonds',NULL),(505,7,NULL,'2012-12-13','Frais de transport',NULL),(506,75,NULL,'2012-12-13','Pourboire servi à Lahcen Elmoudden, spécialiste cheminée',NULL),(507,78,NULL,'2012-12-14','Photocopie',NULL),(508,71,NULL,'2012-12-11','Visite médicale',NULL),(509,71,NULL,'2012-12-13','Médicaments',NULL),(510,40,NULL,'2012-12-13','Réglement loyer',NULL),(511,24,NULL,'2012-12-14','Alimentation générale',NULL),(512,7,NULL,'2012-12-14','Frais de transport',NULL),(513,2,NULL,'2012-12-14','Presse nationale',NULL),(514,29,NULL,'2012-12-12','Communications',NULL),(515,17,NULL,'2012-12-12','Eau et Electricité',NULL),(516,17,NULL,'2012-12-12','Eau et Electricité',NULL),(517,17,NULL,'2012-12-12','Eau et Electricité',NULL),(518,7,NULL,'2012-12-15','Frais de transport',NULL),(519,24,NULL,'2012-12-15','Remplacement d\'un robinet et d\'un filtre à eau',NULL),(520,24,NULL,'2012-12-15','Filtres àeau',NULL),(521,66,NULL,'2012-12-16','Alimentation',NULL);
/*!40000 ALTER TABLE `transaction` ENABLE KEYS */;
UNLOCK TABLES;

--
-- Table structure for table `type_compte`
--

DROP TABLE IF EXISTS `type_compte`;
/*!40101 SET @saved_cs_client     = @@character_set_client */;
/*!40101 SET character_set_client = utf8 */;
CREATE TABLE `type_compte` (
  `id` int(11) NOT NULL AUTO_INCREMENT,
  `nom` varchar(50) NOT NULL,
  PRIMARY KEY (`id`),
  UNIQUE KEY `nom_UNIQUE` (`nom`)
) ENGINE=InnoDB AUTO_INCREMENT=6 DEFAULT CHARSET=utf8;
/*!40101 SET character_set_client = @saved_cs_client */;

--
-- Dumping data for table `type_compte`
--

LOCK TABLES `type_compte` WRITE;
/*!40000 ALTER TABLE `type_compte` DISABLE KEYS */;
INSERT INTO `type_compte` VALUES (2,'Compte de Groupe'),(3,'Compte de Sous-Groupe'),(1,'Titre de Groupe'),(5,'Total de Groupe'),(4,'Total de Sous-Groupe');
/*!40000 ALTER TABLE `type_compte` ENABLE KEYS */;
UNLOCK TABLES;

--
-- Final view structure for view `charger_plan_comptable`
--

/*!50001 DROP TABLE IF EXISTS `charger_plan_comptable`*/;
/*!50001 DROP VIEW IF EXISTS `charger_plan_comptable`*/;
/*!50001 SET @saved_cs_client          = @@character_set_client */;
/*!50001 SET @saved_cs_results         = @@character_set_results */;
/*!50001 SET @saved_col_connection     = @@collation_connection */;
/*!50001 SET character_set_client      = utf8 */;
/*!50001 SET character_set_results     = utf8 */;
/*!50001 SET collation_connection      = utf8_general_ci */;
/*!50001 CREATE ALGORITHM=UNDEFINED */
/*!50013 DEFINER=`root`@`%` SQL SECURITY DEFINER */
/*!50001 VIEW `charger_plan_comptable` AS select `compte`.`id` AS `id`,concat(`compte`.`id`,'-',`compte`.`nom`) AS `compte`,`compte`.`id_type_compte` AS `id_type_compte`,`type_compte`.`nom` AS `type`,`compte`.`afficher` AS `afficher` from (`compte` join `type_compte`) where (`compte`.`id_type_compte` = `type_compte`.`id`) order by `compte`.`id` */;
/*!50001 SET character_set_client      = @saved_cs_client */;
/*!50001 SET character_set_results     = @saved_cs_results */;
/*!50001 SET collation_connection      = @saved_col_connection */;

--
-- Final view structure for view `charger_solde_compte`
--

/*!50001 DROP TABLE IF EXISTS `charger_solde_compte`*/;
/*!50001 DROP VIEW IF EXISTS `charger_solde_compte`*/;
/*!50001 SET @saved_cs_client          = @@character_set_client */;
/*!50001 SET @saved_cs_results         = @@character_set_results */;
/*!50001 SET @saved_col_connection     = @@collation_connection */;
/*!50001 SET character_set_client      = utf8 */;
/*!50001 SET character_set_results     = utf8 */;
/*!50001 SET collation_connection      = utf8_general_ci */;
/*!50001 CREATE ALGORITHM=UNDEFINED */
/*!50013 DEFINER=`root`@`%` SQL SECURITY DEFINER */
/*!50001 VIEW `charger_solde_compte` AS select `contenu_transaction`.`id_compte` AS `id_compte`,`transaction`.`date` AS `date`,sum((ifnull(`contenu_transaction`.`credit`,0) - ifnull(`contenu_transaction`.`debit`,0))) AS `solde` from (`contenu_transaction` join `transaction`) where (`contenu_transaction`.`id_transaction` = `transaction`.`id`) group by `contenu_transaction`.`id_compte`,`transaction`.`date` order by `transaction`.`date` */;
/*!50001 SET character_set_client      = @saved_cs_client */;
/*!50001 SET character_set_results     = @saved_cs_results */;
/*!50001 SET collation_connection      = @saved_col_connection */;

--
-- Final view structure for view `charger_transaction`
--

/*!50001 DROP TABLE IF EXISTS `charger_transaction`*/;
/*!50001 DROP VIEW IF EXISTS `charger_transaction`*/;
/*!50001 SET @saved_cs_client          = @@character_set_client */;
/*!50001 SET @saved_cs_results         = @@character_set_results */;
/*!50001 SET @saved_col_connection     = @@collation_connection */;
/*!50001 SET character_set_client      = utf8 */;
/*!50001 SET character_set_results     = utf8 */;
/*!50001 SET collation_connection      = utf8_general_ci */;
/*!50001 CREATE ALGORITHM=UNDEFINED */
/*!50013 DEFINER=`root`@`%` SQL SECURITY DEFINER */
/*!50001 VIEW `charger_transaction` AS select `transaction`.`id` AS `id`,`transaction`.`id_partenaire` AS `id_partenaire`,`partenaire`.`nom` AS `partenaire`,`transaction`.`id_conciliation` AS `id_conciliation`,`transaction`.`date` AS `date`,`transaction`.`description` AS `description_transaction`,`transaction`.`numero_cheque` AS `numero_cheque`,`contenu_transaction`.`id` AS `id_contenu_transaction`,`contenu_transaction`.`id_compte` AS `id_compte`,`compte`.`nom` AS `compte`,`contenu_transaction`.`id_projet` AS `id_projet`,`projet`.`nom` AS `projet`,`contenu_transaction`.`description` AS `description`,`contenu_transaction`.`debit` AS `debit`,`contenu_transaction`.`credit` AS `credit` from ((`compte` join (`contenu_transaction` left join `projet` on((`contenu_transaction`.`id_projet` = `projet`.`id`)))) join (`transaction` left join `partenaire` on((`transaction`.`id_partenaire` = `partenaire`.`id`)))) where ((`contenu_transaction`.`id_transaction` = `transaction`.`id`) and (`contenu_transaction`.`id_compte` = `compte`.`id`)) order by `transaction`.`date` */;
/*!50001 SET character_set_client      = @saved_cs_client */;
/*!50001 SET character_set_results     = @saved_cs_results */;
/*!50001 SET collation_connection      = @saved_col_connection */;

--
-- Final view structure for view `solde_total`
--

/*!50001 DROP TABLE IF EXISTS `solde_total`*/;
/*!50001 DROP VIEW IF EXISTS `solde_total`*/;
/*!50001 SET @saved_cs_client          = @@character_set_client */;
/*!50001 SET @saved_cs_results         = @@character_set_results */;
/*!50001 SET @saved_col_connection     = @@collation_connection */;
/*!50001 SET character_set_client      = utf8 */;
/*!50001 SET character_set_results     = utf8 */;
/*!50001 SET collation_connection      = utf8_general_ci */;
/*!50001 CREATE ALGORITHM=UNDEFINED */
/*!50013 DEFINER=`root`@`%` SQL SECURITY DEFINER */
/*!50001 VIEW `solde_total` AS select sum((ifnull(`contenu_transaction`.`credit`,0) - ifnull(`contenu_transaction`.`debit`,0))) AS `solde` from (`contenu_transaction` join `compte`) where ((`contenu_transaction`.`id_compte` = `compte`.`id`) and (`compte`.`id_type_compte` between 2 and 3) and (`compte`.`id` between 1000 and 1999)) */;
/*!50001 SET character_set_client      = @saved_cs_client */;
/*!50001 SET character_set_results     = @saved_cs_results */;
/*!50001 SET collation_connection      = @saved_col_connection */;

--
-- Final view structure for view `totaux_partenaires`
--

/*!50001 DROP TABLE IF EXISTS `totaux_partenaires`*/;
/*!50001 DROP VIEW IF EXISTS `totaux_partenaires`*/;
/*!50001 SET @saved_cs_client          = @@character_set_client */;
/*!50001 SET @saved_cs_results         = @@character_set_results */;
/*!50001 SET @saved_col_connection     = @@collation_connection */;
/*!50001 SET character_set_client      = utf8 */;
/*!50001 SET character_set_results     = utf8 */;
/*!50001 SET collation_connection      = utf8_general_ci */;
/*!50001 CREATE ALGORITHM=UNDEFINED */
/*!50013 DEFINER=`root`@`%` SQL SECURITY DEFINER */
/*!50001 VIEW `totaux_partenaires` AS select `transaction`.`id_partenaire` AS `id_partenaire`,`partenaire`.`nom` AS `nom`,sum(ifnull(`contenu_transaction`.`debit`,0)) AS `debit`,sum(ifnull(`contenu_transaction`.`credit`,0)) AS `credit` from ((`contenu_transaction` join `transaction`) join `partenaire`) where ((`transaction`.`id` = `contenu_transaction`.`id_transaction`) and (`transaction`.`id_partenaire` = `partenaire`.`id`)) group by `transaction`.`id_partenaire`,`partenaire`.`nom` order by `partenaire`.`nom` */;
/*!50001 SET character_set_client      = @saved_cs_client */;
/*!50001 SET character_set_results     = @saved_cs_results */;
/*!50001 SET collation_connection      = @saved_col_connection */;

--
-- Final view structure for view `totaux_projets`
--

/*!50001 DROP TABLE IF EXISTS `totaux_projets`*/;
/*!50001 DROP VIEW IF EXISTS `totaux_projets`*/;
/*!50001 SET @saved_cs_client          = @@character_set_client */;
/*!50001 SET @saved_cs_results         = @@character_set_results */;
/*!50001 SET @saved_col_connection     = @@collation_connection */;
/*!50001 SET character_set_client      = utf8 */;
/*!50001 SET character_set_results     = utf8 */;
/*!50001 SET collation_connection      = utf8_general_ci */;
/*!50001 CREATE ALGORITHM=UNDEFINED */
/*!50013 DEFINER=`root`@`%` SQL SECURITY DEFINER */
/*!50001 VIEW `totaux_projets` AS select `contenu_transaction`.`id_projet` AS `id_projet`,`projet`.`nom` AS `nom`,sum(ifnull(`contenu_transaction`.`debit`,0)) AS `debit`,sum(ifnull(`contenu_transaction`.`credit`,0)) AS `credit` from (`contenu_transaction` join `projet` on((`contenu_transaction`.`id_projet` = `projet`.`id`))) group by `contenu_transaction`.`id_projet`,`projet`.`nom` order by `projet`.`nom` */;
/*!50001 SET character_set_client      = @saved_cs_client */;
/*!50001 SET character_set_results     = @saved_cs_results */;
/*!50001 SET collation_connection      = @saved_col_connection */;
/*!40103 SET TIME_ZONE=@OLD_TIME_ZONE */;

/*!40101 SET SQL_MODE=@OLD_SQL_MODE */;
/*!40014 SET FOREIGN_KEY_CHECKS=@OLD_FOREIGN_KEY_CHECKS */;
/*!40014 SET UNIQUE_CHECKS=@OLD_UNIQUE_CHECKS */;
/*!40101 SET CHARACTER_SET_CLIENT=@OLD_CHARACTER_SET_CLIENT */;
/*!40101 SET CHARACTER_SET_RESULTS=@OLD_CHARACTER_SET_RESULTS */;
/*!40101 SET COLLATION_CONNECTION=@OLD_COLLATION_CONNECTION */;
/*!40111 SET SQL_NOTES=@OLD_SQL_NOTES */;

-- Dump completed on 2012-12-16 21:33:12

